0,ยูนิคอร์นเป็นสัตว์ในตำนานซึ่งมีการอธิบายมาแต่โบราณว่าเป็นสัตว์ที่มีเขาเกลียวแหลมขนาดใหญ่ออกมาจากหน้าผาก มีการพรรณนายูนิคอร์นในตราโบราณของอารยธรรมลุ่มแม่น้ำสินธุและชาวกรีกโบราณกล่าวถึงยูนิคอร์นในบันทึกประวัติศาสตร์ธรรมชาติโดยนักเขียนหลายคน
0,เขาของสัตว์ตัวนั้นช่างสวยงาม
0,Horn แปลว่าเขา
0,Horn คือเขา
0,เขามีราคาแพง
0,เขาหาได้ยาก
0,Horny animal แปลว่าสัตว์มีเขา
0,ควายเป็นสัตว์มีเขา
0,กวางมีเขาสวยงาม
0,กวางมีเขาที่มีกิ่งสวยงาม
0,กวางมีเขาที่แตกกิ่งสวยงาม
0,ควายมีเขาแหลม
0,ควายมีเขาแหลมคม
0,ควายมีเขาทู่
0,ควายมีเขาสองข้าง
0,ควายมีเขา 2 ข้าง
0,เขาแรดเรียกว่านอ
0,เขาช้างเรียกว่างา
0,งาเป็นเขาของช้าง
0,นอเป็นเขาของแรด
0,เขาเอาไว้ขวิด
0,เขาเป็นสิ่งป้องกันตัว
0,เขามีขนาดใหญ่
0,เขาควายมีขนาดใหญ่
0,คนโง่มักถูกสวมเขา
0,เธอสวมเขาฉัน
0,เธอมันโง่ให้โดนสวมเขา
0,ประยุทธ์มีเขา
0,ควายมีเขาเราก็มี
0,กาลครั้งหนึ่งนานมาแล้วมีกวางตัวหนึ่งมันมีเขาที่สวยงามมาก
0,ยอมเป็นวัวเป็นควายให้เธอสวมเขาเท่าไรยอมเป็นทาสรับใช้ให้เธอเป็นนายในใจฉัน
0,ควายยังมีเขาแต่เราไม่มีใคร
0,เขาวัวเป็นวัสดุหลักในการทำตัวหมากรุกในสมัยโบราณ
0,ตอนท้ายพระเอาเขาบาฮาบุทมาทำดาบ
0,เขาที่ดำสนิทของเธอนั้น เมื่อเข้ากับผมที่แดงช่างตะลึงตา
0,เขาแหลมคมนั้นทะลุร่างหญิงสาวอย่างไร้ความปราณี
0,หนุ่มไอเดียเจ๋งนำเขาควายมาแกะสลักเป็นรูปสัตว์ขาย
0,ตามตำนานเขากวางคุดเกิดเฉพาะกับกวางที่เป็นจ่าฝูงเท่านั้น
0,รับซื้อเขาควาย
0,ช่วงนี้เขา Baphomet ขายได้ราคา
0,วัวตัวนั้นเขาสวยดี
0,10 อันดับ สัตว์ที่มีเขาสวยงามที่สุดในโลก
0,ตัวผู้มีเขาโค้งเป็นรูปตัววี
0,ตัวเมียมีเขาเหมือนตัวผู้เช่นกันแต่มีขนาดเล็กและสั้นกว่าตัวผู้
0,ทั้งตัวผู้และตัวเมียมีเขาทั้งคู่
0,ลักษณะเขาบิดเป็นเกลียวยาว 55–85 เซนติเมตร
0,แบล็กบักตัวผู้มีเขาคู่หนึ่งที่ยาว 35–75 เซนติเมตร
0,เขามีความสวยงามตรงที่บิดเป็นเกลียวและปลายแหลม
0,ด้วยความยาวของเขานั้นแม้จะนอนหรือซ่อนอยู่ในพงหญ้าบางครั้งก็ยังเห็นโผล่มาชัดเจน
0,ตัวผู้จะป้องกันอาณาเขตของฝูงตัวเองโดยการใช้เขาทั้งสองข้างนั้นขวิดสู้กัน
0,ด้วยความสวยงามของเขาจึงทำให้ถูกล่าจากนายพราน
0,เขาของมันมีลักษณะเหมือนกับมงกุฎที่ตั้งอยู่บนหัว
0,กวางมูสตัวผู้จะใช้เขาในการตอสู้และใช้เป็นสิ่งดึงดูดเพศเมียเมื่อถึงฤดูผสมพันธุ์
0,เขาของกวางมูสจะเริ่มงอกเมื่อมันมีอายุ ประมาณ 12 เดือน 
0,เขาของ มัวฟลอน ตัวผู้มีความยาวเฉลี่ย 25 นิ้ว
0,เขาของมันยังยังเติบโตตลอดชีวิต
0,เขาที่บิดเป็นเกลียวยาวแหลม เห็นได้ชัดเจน
0,เขาของแรดประกอบด้วยเคราติน
0,เขามีความแข็งแรง มีรูปทรงที่โค้ง
0,คุณคิดว่าเขาของสัตว์เหล่านี้จะมีผลต่อการดำรงชีวิตหรือไม่
0,ตื่นตาไปกับเขาสัตว์และวัตถุโบราณนับแสนชิ้น
0,แพะซาเนนไม่มีเขา
0,แกะกะโหลกเล็กไม่มีเขางอก
0,ยังไม่พบพันธุ์ที่ไม่มีเขา
0,หนุ่มใหญ่เพชรบูรณ์นำเขาควายมาแกะสลักเป็นรูปร่างสัตว์ต่างๆ
0,สัตว์ชนิดไหนมีเขาอยู่ที่จมูก
0,เจ้าจงให้เป่าเขาสัตว์ทั่วแผ่นดินในวันลบมลทิน
0,จงให้เป่าเขาสัตว์ดังสนั่นในวันที่สิบเดือนที่เจ็ด
0,เขากวางอ่อน อุดมไปด้วยสารอาหารประเภทต่าง ๆ
0,เขาที่พลัดทิ้งแล้วยังเป็นแหล่งแคลเซียมของสัตว์ฟันแทะบางชนิด
0,พระเอกมีเขางอก
0,วาตูซี่เขายาวที่สุดในโลกฝูงแรกขององค์การสวนสัตว์
0,เธอถูกผู้ชายสวมเขา
0,หมาไม่มีเขา
0,นายพรานออกเดินทางเพื่อตามล่าเขาของแพะป่ามาร์คอร์
0,ตัวผู้มีเขายาวและใหญ่กว่าตัวเมีย
0,ทั้งสองเพศต่างมีเขาที่มีความยาวประมาณ 35-37 นิ้ว
0,กวางผลัดเขาปีละครั้ง
0,ตัวผู้มีเขาเป็นแขนง
0,มีความเชื่อว่าถ้านำเขามาประดับบ้านจะทำให้โชคร้าย
0,เขาคู่นั้นสวยดี
0,บริเวณเหนือตาทั้ง 2 ข้างมีส่วนที่คล้ายเขายื่นออกมา
0,วันนี้มีการประกวดเขาสวยงาม
0,เขาอันใหญ่อันนั้นน่าซื้อจัง
0,ย่าทวดคนหนึ่งเกิดป่วยเป็นโรคประหลาด มีเขางอกขึ้นออกมาบนศีรษะ
0,เจ้าตัวเหลืองตัวนั้นมีเขาด้วย
0,แจ๊คคาโลปหรือกระต่ายมีเขาเป็นตัวประหลาดที่โด่งดังในยุโรป
0,เป็นที่ฮือฮาสำหรับผู้ที่พบเห็นควายเผือกเขายาวกว่า 2 เมตร
0,พบกระบือเขายาวเกือบ 2 เมตร
0,นี่เป็นภาพวาดของส่วนหัวและเขาของแอนทิโลปหลายชนิด
0,ความงามของเขาสมันนี้เอง ทำให้มันไม่สามารถอาศัยหรือหลบภัยในป่าได้
0,เขาทั้งสองของข้าแผ่กิ่งก้านงดงามกว่าเจ้ามาก
0,เอาเขาออกแล้วเป็นอย่างไรบ้าง
0,ฉันเห็นเขาที่แตกกิ่งก้านออกไป
0,ระวังเขาของเจ้าจะโผล่ออกมา
0,เขาของใครแข็งแรงที่สุด
0,เจ้ามีเขาที่แสนเปราะบางเหลือเกิน
0,อันนี้เป็นเขาที่มาจากแอฟริกา
0,ห้ามล่าเพื่อเอาเขา
0,เขาชนิด Antlers จะหลุดออกภายหลังจากฤดูผสมพันธุ์เสร็จสิ้น
0,หัวแกะทิเบต ทรงเขาม้วนขั้นเทพ
0,ช่างกำลังแกะสลักไม้และเขา
0,เหยี่ยวดงอึ้ง เจอซุกเขาสัตว์ป่าคุ้มครองอื้อ
0,พ่อค้าวิลันดานิยมซื้อหนังสัตว์และเขาสัตว์ไปขายต่อที่ญี่ปุ่น
0,มนุษย์ปรารถนาเขาและเขี้ยวของมัน
0,ส่งให้แล้วนะคับชุดเขาควายดำ
0,มีเขาเผือกตันๆหลายชิ้น สนใจทักแชทมานะครับ
0,นกฮูกเขาควายแกะสลักตัวเล็กตัวใหญ่สั่งได้ตามใจคุณ
0,เขาของเพศผู้จะยาวกว่าของเพศเมีย
0,เพศผู้ที่โตเต็มวัยจะมีเขายาว 40 นิ้ว
0,เพศเมียจะมีเขาที่สั้นมากโดยมีความยาวเพียง 13 นิ้ว
0,เขาของคาปรา ไอบ็อก  มีลักษณะโค้งลงไปข้างหลัง
0,ทำให้เขาของพวกมันหักหรือหลุดไปก่อนเวลาอันควร
0,สัตว์บ้างชนิดมีเขาไว้ป้องกันตัว
0,หมาไม่มีเขาเราก็ไม่มีใคร
0,กวางตัวเมียมีขนาดเล็กกว่าและไม่มีเขา
0,ลักษณะเขาตันไม่กลวงเป็นเกลียวบางชนิดอาจแตกแขนงได้มากเหมือนกิ่งไม้
0,กว่างห้าเขาเป็นแมลงที่หายาก
0,เขาของจอมมารหักลงก่อนจะล้มลง
0,เขาของมันแหลมคมน่าเกรงขาม
0,ยอมให้เธอสวมเขา
0,ฆ่าความเอาเขา
0,เขากวางอ่อน มีสารอาหารที่มีประโยชน์ต่อร่างกาย
0,"เขากวางอ่อนถูกใช้เป็นสมุนไพรอย่างยาวนานไม่ต่ำกว่า 2,000 ปี"
0,มีความเชื่อว่าเขากวางอ่อนช่วยควบคุมพลังหยาง
0,"เขากวางอ่อนประกอบไปด้วยโปรตีน, แร่ธาตุ, โอเมกา, กรดอะมิโน"
0,กวางที่พลัดเขาทิ้งแล้วยังเป็นแหล่งแคลเซียมของสัตว์ฟันแทะบางชนิด
0,การตัดเขากวางอ่อนก็ยังเป็นสิ่งที่ต้องการ
0,หมากรุกราคาแพงมักจะทำจากเขาวัว
0,ฉันและพ่อไปล่ากวางแล้วได้เขามา
0,ฆ่ากวางเอาเขา
0,ควายยังมีเขาแต่เราไม่มีใคร
0,เขาเราสวยไหม
0,กระทิงตัวนั้นมีเขาที่สวยมาก
0,เขาของกวางมูทคล้ายมงกุฏ
0,แต่ละตัวจะมีเขาที่ไม่เหมือนกัน
0,ตัวผู้กับตัวเมียจะมีเขาที่แตกต่างกันชัดเจน
0,รับซื้อเขาควาย
0,นกมีเขาไหม
0,เครื่องประดับนักรบโบราณมักจะทำจากเขาสัตว์ที่ล่าได้
0,กว่างสามเขาในสมัยก่อนนั้นหาได้ไม่ยากแต่ปัจจุบันจัดเป็นแมลงที่ใกล้จะสูญพันธ์
0,ในอดีตมนุษย์ได้นำเขาสัตว์มาใช้ประโยชน์มากมาย
0,แตร่เขาสัตว์เป็นสิ่งที่ชนเผ่าโบราณคิดขึ้นมาก
0,DIY ทำพวงกุญแจจากเศษเขาสัตว์
0,เขาของบาร์โฟนั้นหายากมาก เลยมีราคาแพงหนะ
0,ตรงผนังบ้านมีเขาของสัตว์ชนิดต่างๆ ประดับประดา
0,ฉันได้เขาสัตว์มากจากพ่อ
0,เขาของมันเป็นของที่หายากมากให้แถบนี้
0,จู่ๆ เขามันก็งอกมาบนหัวฉัน
0,เขาของกวางจะเริ่มงอกมาเมื่อมันโตเต็มที่
0,กระทิงตัวนั้นเขาของมันหัก
0,ข้าจะหักเขาของเจ้าด้วยมือเปล่าให้ดูเอง
0,เขาทู่ๆ อันนั้นทำอะไรเราไม่ได้หรอก
0,เพศผู้ที่โตเต็มวัยจะมีเขายาว 35-42 นิ้ว
0,เขาตัวผู้จะมีสีดำเข้ม
0,ส่วนเขาตัวเมียจะมีสีเทาออกขาวๆ
0,เขาของตัวเต็มวัยจะยาวประมาณ 40-50 นิ้ว
0,ดาบเล่มนั้นถูกเก็บไว้อย่างดีในฝักดาบที่ทำจากเขาทูมิกซ์
0,ควายมีเขาสองข้าง
0,สุชาติสวมเขาควายออกไปเดินเที่ยว
0,ควายใช้เขาขวิดกัน
0,กวางมูสมีเขาที่ใหญ่เทอะทะ
0,อมรถามสมรว่าเคยต้มเขาควายกินป่าว
0,มุทวีนั่งแกะสลักเขาควายอยู่หน้าบ้าน
0,ลุงปลอมโดนแพะเอาเขาเสียบพุง
0,แพะตัวเมียมีเขาที่สั้นและแหลมกว่าตัวผู้
0,แพะเดินไม่ระวัง เขาเกี่ยวสายไฟดับทั้งมหาลัย
0,ชาวบ้านต่างบูชาแพะ 4 เขา
0,เธอจะนำเขาแพะมาทานไม่ได้นะสุชาติ
0,เครื่องรางนี่ทำมาจากเขาของแพะที่เป็นเบาหวานตาย
0,เขากวางอ่อนนั้นอุดมไปด้วยสารอาหารมากมาย
0,เขากวาง เป็นอวัยวะที่เจริญมาจากส่วนเนื้อเบื่อบุผิวชั้นนอก
0,ในสมัยก่อนมีการใช้แตรเขาแกะเพื่อเป่าระดมพล
0,เด็กซนปีนขึ้นไปเล่นเขาแกะอันใหญ่
0,นายพรานลักลอบล่าหาเขาแกะมาขาย
0,สัตว์มีเขาไว้ขวิดเวลาที่ต้องป้องกันตัว
0,หนุ่มเคราะห์ร้ายถูกควายเอาเขาขวิดเป็นแผลฉกรรจ์
0,หนุ่มเคราะห์ร้ายกว่าโดนกระทิงขวิดเขาทิ่มตูดลึกจนนั่งไม่ได้
0,ลุุงขี้เมาถูกวัวกระทืบแล้วใช้เขาขวิดดับ
0,สมชายถูกกระทิงใช้เขาไล่ขวิดเพราะไปเตะตูดกระทิง
0,เจ้าทุยมีเขาโค้งสวยงามน่าตัดไปขาย
0,เขาควายแหลมกว่าฟันควาย
0,ควายแดง ไม่มีเขาและไม่ได้ถูกใช้เรียกควายสีแดงแต่อย่างใด
0,ควายเผือกนั้นมีสองเขาและมีสีซีดจนเหมือนเผือก 
0,เขาของกวางตัวผู้จะเริ่มงอกในฤดูผสมพันธุ์ และพอผ่านพ้นฤดูผสมพันธุ์ไปแล้ว ก็จะร่วงออกมานั่นเอง
0,เด็กชายสมชายนำกาวไปเชื่อมเขาควายโดยหวังว่ามันจะไม่หลุดอีกครั้ง
0,ชาวจีนนิยมนำเขากวางมาบดเพื่อทำยา
0,กวางตัวนั้นมีเขาที่สวยงามมากๆ
0,ราตรีลักลอบขนเขากวางออกไปขายที่ต่างประเทศแถบสแกนดิเนเวีย
0,นายพรานเข้าป่าไปล่าเขากวาง
0,แกะเนปาลมีเขาที่ใหญ่โตเพื่อใช้ต่อสู้
0,แท้ที่จริงแล้ว นอของแรดนับว่าเป็นเขาอย่างหนึ่ง
0,ลุงดำฉีดสีทองใส่เขาควายหวังจะโก่งราคา
0,คุณจะทานเขาควายไม่ได้นะสมร!!!
0,เจ้าแดงควายของลุงดีกำลังเมายาบ้า ใช้เขาจี้ตัวประกันเพื่อเรียกค่าไถ่เพื่อนำเงินไปซื้อยาบ้าเพิ่ม
0,วัวของลุงมีเขาหักเพราะสะดุดยอดหญ้าล้ม
0,ชัชชาติหักเขาของกระทิงที่พยายามพุ่งเข้ามาชนได้อย่างง่ายดาย
0,ลุงสุกลรวี ศรีธนด้าย ตั้งชื่อควาย3เขาที่เลี้ยงไว้ว่าหมู
0,วัวที่ไม่มีเขาคือวัวตัวเมีย
0,ควายตัวผู้มีเขาที่ยาวกว่าตัวเมีย
0,ชาตรีค้นกูเกิลแล้วค้นพบว่าควายนั้นมีเขา
0,มีการแถลงข่าวว่ามีคนหย่อนเขาควายลงในหีบเลือกตั้งจนต้องเกิดการเลือกตั้งใหม่ทั้งหมด
0,ในเกมเซคิโระ มีมินิบอสตัวหนึ่งชื่อวัวไฟ ซึ่งมีเขาที่ติดไฟอยู่ สู้ยากมากๆ สกิลก็เดายาก ตอนนี้ยังเล่นไม่ผ่านเลย
0,สมรบ่นว่าเธออยากกินเลย์รสเขาควาย
0,กาแฟขี้ช้างยังมีได้เลย ทำไมจะมีกาแฟเขาควายไม่ได้!!!
0,สมรได้ชวนเพื่อนๆไปกินบุฟเฟต์ที่มีเขากวางอ่อนเป็นเมนูในร้าน
0,อีสมรไม่ฉลาดเหมือนมีเขาควายงอกอยู่ที่หัว
0,คืนวันพรุ่งนี้จะเป็นคืนที่มืดมิดที่สุด และจะเป็นวันที่เหมาะสมที่สุด ที่จะนำแตรเขาแกะไปเป่าที่ป่าทางตอนเหนือ ลงไปยังตอนใต้ เลี้ยวซ้าย เลี้ยวขวา แล้วเลี้ยวซ้ายอีกที จะถึงที่หมายที่มีแท่นหินอยู่ ให้เป่าซะ แล้วก็กลับบ้านมาเถอะเพราะไม่มีอะไรเกิดขึ้นหรอก ให้เดินฆ่าเวลาเฉยๆ
0,กวางเป็นสัตว์ที่มีเขาสวย
0,คามาราซอรัสไดโนเสาร์กินพืชยุคปลายจูราซิกมีลักษณะเด่นเป็นแผงคอขนาดใหญ่และเขาที่ปลายจมูก
0,เขาของสัตว์บางชนิดใช้ดึงดูดเพศตรงข้าม
0,เธอสวมเขาให้กับชายคนก่อน
0,สมัยก่อนมักมีกลุ่มนายพรานไปล่าสัตว์ป่าที่ภูกระดึงเก็บเอาเขากวางที่มีมากจนพวกมันเริ่มลดจำนวนลง
0,พญายมมีเขาสีแดงนั่งอยู่บนบัลลังเฝ้ามองนรกที่เต็มไปด้วยป่าต้นไม้หนามอันสูงใหญ่และกระทะทองแดงอันร้อนระอุ
0,ด้วงมีเขาจะราคาแพง
0,นกไม่ได้มีเขาแต่อย่างใด
0,เขากระทิงกินแก้อาการอาหารเป็นพิษ
0,เขามังกรจากเกาะเวหาสามารถรักษาได้ทุกโรค
0,การโดนหลอกเรียกอีกอย่างว่าสวมเขา
0,การจับได้ว่าทำความผิดตรงหน้าหรือคาหนังคาเขา
0,กวางจะดูสวยได้ด้วยเขา
0,นอแรดเป็นเขาชนิดหนึ่ง
0,กวางคาริบูมีเขาที่สวยงามที่สุดในโลก
0,แพะคาปราไอบ็อกมีเขาลักษณะโค้งไปข้างหลัง
0,แพะคาปราไอบ็อกมีเขาไว้ดึงดูดตัวเมียมาผสมพันธุ์
0,แพะป่ามาร์คอร์มีเขาลักษณะบิดม้วน
0,เขาของแพะป่ามาร์คอร์ตัวผู้จะยาวกว่าตัวเมีย
0,ออริกซ์เป็นแอนทิโลปที่มีเขาบิดเป็นเกลียวยาวแหลม
0,มัวฟลอนตัวผู้จะมีเขาโค้งงอนขนาดใหญ่
0,เขาของมัวฟลอนตัวผู้มีไว้ใช้ต่อสู้
0,เขาของมัวฟลอนตัวผู้จะเติบโตตลอดชีวิตไปเรื่อยๆ
0,กวางมูสจะมีเขาลักษณะเหมือนมงกุฏตั้งอยู่บนหัว
0,ความแข็งแรงของเขากวางมูสขึ้นอยู่กับอายุและอาหารที่กิน
0,เขาของกวางมูสตัวผู้มีไว้ใช้ต่อสู้และดึงดูดตัวเมีย
0,เขาของกวางมูสจะเริ่มงอกตอนอายุ12เดือน
0,แบล็กบักมีเขาที่มีความสวยงามตรงที่บิดเป็นเกลียวและปลายแหลม 
0,ความยาวของเขาแบล็กบักนั้นแม้จะซ่อนอยู่ในพงหญ้าบางครั้งก็ยังเห็นโผล่มาชัดเจน 
0,ด้วยความสวยงามของเขาแบล็กบักจึงถูกล่าอยู่บ่อยๆ
0,เขาของแอดแดกซ์มีลักษณะบิดเป็นเกลียวยาว
0,เขาของแอดแดกซ์มีการขด2ถึง3ครั้ง
0,สปริงบ็อกตัวผู้มีเขาโค้งเป็นรูปตัววี
0,สปริงตัวเมียมีเขาเหมือนตัวผู้แต่เล็กและสั้นกว่า
0,กวางเรนเดียร์มีเขาทั้งตัวผู้และตัวเมีย
0,หมวกนักรับซามูไรระดับผู้นำจะมีเขาติดอยู่
0,เพื่อนของฉันเสียใจมากเพราะโดนสวมเขา
0,เขากวางเป็นอวัยวะที่สวยงามที่สุดในตัวกวาง
0,นายพรานชอบนำเขาสัตว์มาประดับบ้าน
0,ตามตำนานญี่ปุ่นยักษ์มักจะมีเขาเสมอ
0,สัตว์เคี้ยวเอื้องตัวผู้มักมีเขา
0,คาราบาวมีสัญญาลักษณ์เป็นเขาควาย
0,กระทิงเมื่อเจออันตรายจะใช้เขาเป็นอาวุธ
0,เขาเป็นอวัยวะสำคัญในการป้องกันตัวของสัตว์
0,คนสมัยก่อนใช้เขาในการทำแตรเตือนภัย
0,คนมักจะเอาเขาสัตว์มาทำเครื่องประดับ
0,ฉันอยากไปเที่ยวพิพิธภัณฑ์เขาสัตว์
0,สัตว์ชนิดนี้สูญพันธุ์เพราะเขาสวย
0,เราสามารถซื้อเขาสัตว์ได้ที่ตลาดมืด
0,วัวตัวนั้นมีเขาที่ใหญ่มาก
0,ฉันชอบกวางเพราะมีเขาที่สวย
0,ฉันชอบใส่เสื้อลายเขากวาง
0,ปลานาร์วาฬเป็นปลาชนิดเดียวที่มีเขา
0,เขาของยูนิคอนนั้นหลายคนเชื่อว่ามีพลังวิเศษ
0,บางประเทศเชื่อว่าเขาสัตว์จะนำโชคมาให้
0,สัตว์ที่มีเขาใหญ่จะทำให้ดูน่าเกรงขาม
0,กระทิงมีเขาที่ใหญ่และน่ากลัว
0,บ้านของเรามีเขากวางขนาดใหญ่อยู่หน้าบ้าน
0,เพื่อนของเราไปล่าสัตว์เพื่อเอาเขามาตกแต่งบ้าน
0,สัตว์ตัวนั้นมีเขาที่ใหญ่มาก
0,ฉันได้รับเขาสัตว์เป็นของขวัญ
0,กวางจะใช้เขาในการเรียกตัวเมีย
0,กวางจะใช้เขาในการแย่งตัวเมีย
0,กูปรีโดนล่าเพราะต้องการเขา
0,ฉันพึ่งได้ของขวัญเป็นเขาสีดำ
0,เขากวางราคาสูงมากในตลาด
0,เขากวางและงาช้างเป็นสิ่งผิดกฎหมาย
0,เขาควายสามารถนำมาใช้ประโยขน์ได้หลายอย่าง
0,ตำรวจได้จับผู้ร้ายได้ของกลางเป็นเขาสัตว์ผิดกฎหมาย
0,หนุ่มใหญ่เพชรบูรณ์คิดนำเขาควายมาแกะสลักเป็นรูปร่างสัตว์
0,สตรีชาวจีนอายุ 101 ปี มีอวัยวะประหลาด คล้ายเขาสัตว์งอกบนหน้าผาก
0,เจ้าของงาช้าง-เขาสัตว์ร้องศาลถอนหมายค้นศูนย์ปราบปรามการค้างาช้าง
0,ตำรวจรวบตัวเจ้าของเขาสัตว์สงวน
0,พบชาวต่างชาติลักลอบนำเขาสัตว์ออกนอกประเทศ
0,อาจารย์ชอบแกะสลักหินอ่อนเป็นลายเขาสัตว์
0,เธอคนนั้นใส่ต่างหูที่ทำจากเขาสัตว์
0,พวกเราจะไปเที่ยวพิพิธภันฑ์เขาสัตว์
0,ประเทศวากานด้าสั่งห้ามนำเขาสัตว์ออกนอกประเทศ
0,วัวตัวนั้นโดนทำร้ายจนเขาหัก
0,กวางตัวนั้นโดนรถชนจนเขาหัก
0,ตำรวจได้ออกตามหาคนร้ายหลังจากพบเขาสัตว์จำนวนมาก
0,เหตุผลส่วนใหญ่ของการสูญพันธุ์คือการล่าเพิ่มนำเขามาใช้ประโยชน์
0,จิตกรนำดินมาปั้นเป็นเขาสัตว์
0,ผู้ชายคนนั้นคงเป็นเพื่อชีวิตเพราะชอบใส่เสื้อเขาควาย
0,เสื้อเขากวางตัวนั้นสวยจัง
0,นี่คงเป็นถ้ำเสือเพราะมีเขากวางเต็มไปหมดเลย
0,พ่อเอาเขาควายไว้ที่บ้าน
0,พ่อเอาเขาวัวไว้ที่บ้าน
0,พ่อเอาเขากวางไว้ที่บ้าน
0,พ่อเอาเขาเก้งไว้ที่บ้าน
0,พ่อเอาเขากวางไว้ที่ห้องเก็บของ
0,ที่บ้านพี่มีเขากวาง
0,ที่บ้านปู่มีเขากวาง 2 อัน
0,ที่บ้านยายมีเขาวัว 3 อัน
0,ที่บ้านลุงเอาเขาวัวไว้ประดับ
0,น้องชายโดนสวมเขา
0,น้องสาวเอาเขาควายไปสวมหัวน้องชาย
0,น้องสาวโดนสวมเขา
0,เขาควายมี 2 ข้าง
0,เขากวางสวยดี
0,เขาเก้งอันเล็ก
0,กวางตัวเมียไม่มีเขา
0,เขากวางสวยดี
0,กวางตัวนั้นไม่มีเขา
0,หมีไม่มีเขา
0,เสือดำไม่มีเขา
0,กวางดำเขาน้ำตาล
0,กวางน้ำตาลเขาดำ
0,กวางสองตัวสู้กันจนเขาหัก
0,ที่บ้านโดนขโมยเขากวาง
0,ไปซื้อเขากวางที่ตลาดรถไฟ
0,ลุงใช้ปากเป่าเขาวัว
0,ที่เขาควายมีนกเอี้ยง
0,นกเอี้ยงเกาะบนเขาควาย
0,คนป่าเป่าเขาวัว
0,พ่อทำด้ามมีดจากเขาเก้ง
0,กิ่งไม้คล้ายเขากวาง
0,เขาเก้งสั้น
0,เขาควายโค้งงอ
0,หนวดลุงงอเหมือนเขาควาย
0,ผ้าผืนนี้หยาบคล้ายเขากวาง
0,นักแสดงหนุ่มถูกเขาควายแทงตาย
0,นักแสดงใช้เขาควายสู้กับดาบ
0,เธอคนนั้นจมูกโด่งดั้งเขาควาย
0,ผู้ชายคนนั้นดูสง่าดั้งเขากวาง
0,ตะวันใช้เขาควายเขี่ยขี้หมา
0,เขาควายเป็นสัญญาลักษณ์วงคาราบาว
0,เขาควายมีราคาสูง
0,เขาควายมีราคาสูงกว่าหนังควาย
0,เขากวางมีราคาสูงกว่าหนังกวาง
0,เขาเป็นส่วนที่อยู่บริเวณหัวสัตว์ 
0,เขาเป็นกระดูกเป็นประเภทหนึ่ง
0,คนสวนใหญ่นำเขากวางมาตกแต่งบ้าน
0,คนโบราณนำเขาสัตว์มาทำเป็นอาวุธ
0,เขาเก้งสามารถนำมาทำเป็นยาได้
0,ตัวผู้จะมีเขาสวยดึงดูดตัวเมีย
0,ควายมีเขา 2 ข้าง
0,เขาเป็นสิ่งของที่มีลักษณะเเหลม
0,เขาสามารถใช้เป็นอาวุธได้
0,คนเราไม่มีเขา
0,เขาส่วนมากจะอยู่บนหัว
0,ไม่มีเขาไหนอยู่หว่างขา
0,เขาไม่ใช่สถานที่เเละผู้คนเเต่เป็นอวัยวะของสัตว์
0,สัตว์ 4 เท้าไม่ได้ทีเขาทุกตัว
0,ควายมีเขาใหญ่สวยงาม
0,เขาไม่ได้มีความคมเเต่เเหลม
0,เธอไม่ชอบเขาเพราะมันเเหลม
0,เขาไม่ได้มีไว้เพื่อให้เธอระบายอารมณ์ทางเพศ
0,เขาเป็นสัญลักษณ์ของสัตว์ต่างๆได้
0,เธอเป็นนักสะสมเขาสัตว์
0,เขาสัตว์ที่ตายเเล้วมักพบอยู่ในป่ามากมาย
0,เธอถูกสวมเขาให้ดูโง่
0,เขาเป็นของสะสมชนิดหนึ่งได้
0,ฉันเห็นเขาติดอยู่บนหัวเธอ
0,เขามักจะมีปลายเเหลมเเต่ไม่ใช่ทุกอัน
0,ควายมีเขา
0,เเรดไม่มีเขาเเต่มีนอ
0,เขาเป็นสิ่งที่ใช้ป้องกันตัว
0,อวัยวะที่สัตว์ต่างๆที่เรามักพบทั่วไปมักจะไม่ค่อยมีเเต่สัตว์บางชนิดที่อาศัยอยู่ในทุ่งนามีหน้าที่ไถนาเพื่อให้สามารถทำนาได้ในฤดูต่างๆนั้นคือ เขา
0,อย่าทำตัวให้คนอื่นเห็นว่าเธอถูกสวมเขาสิ
0,พิพิธภัณฑ์เป็นสถานที่สะสมของหายากหนึ่งในนั้นคือเขาควายโบราณ
0,เขาเป็นสัญลักษณ์ของวงดนตรีไทยคือคาราบาว
0,เกิดการฆาตกรรมขึ้นโดยใช้เขาเเทงเข้าที่หน้าท้อง ผู้ตายเสียชีวิตจากการเสียเลือดมากจนเกินไป
0,เเกะเป็นสัตว์ที่มีเขาเป็นลักษณะม้วนๆ ซึ่งคล้ายก้นหอย
0,ผมไม่มีเขาหรอกอย่ามาหลอกกันให้ยากเลย
0,คนโง่มักจะโดนเปรียบเทียบว่ามีเขาเหมือนควาย
0,ความมีเขา
0,วัวมีเขา
0,หมาไม่มีเขา
0,กวางมีเขา
0,นกไม่มีเขา
0,ไก่ไม่มีเขา
0,กระทิงมีเขา
0,เธอมีเขาควายไหม
0,เห็นเขาควายไหม
0,เขางอกแล้ว
0,เขาเธอนี้สวยดีนะ
0,ปลาไม่มีเขา
0,ควายมีเขาสองข้าง
0,วัวมีเขาสองข้าง
0,เขาแปลว่าสิ่งที่มีลักษณะแข็งปลายแหลม
0,ปลาแรดไม่มีเขา
0,หมูป่ามีเขา
0,หมูบ้านไม่มีเขา
0,นกแก้วไม่มีเขา
0,ควายมีเขาแหลม
0,วัวมีเขาแหลม
0,แกะมีเขาโค้ง
0,กันดั่มมีเขา
0,ยูนิคอนมีเขา
0,ม้าบินมังกรมีเขา
0,กระบือมีเขา
0,คนโง่มีเขา
0,สัตว์มีเขา
0,สัสมีเขา
0,ปลาทองไม่มีเขา
0,ปลานกยุงไม่มีเขา
0,นกพิราบเกาะบนเขาควาย
0,นกกระจอกเกาะบนเขาวัว
0,ผมยืนบนเขาควาย
0,ผมขี่ควายที่มีเขา
0,ลุงตู่มีเขาอยู่บนหัว
0,ปลาเงินไม่มีเขา
0,นกน้อยเกาะบนหลังควายที่มีเขา
0,นกกระจอกเกาะบนหลังวัวที่มีเขา
0,เขาควายประดับบนกำแพง
0,คนเลี้ยงควายที่มีเขา
0,แรดมีเขา
0,โดนสวมเขา
0,ถูกนอกใจคือถูกสวมเขา
0,เอาเขาของฉันไปสวมทำไม
0,ควายและวัวัและกว้างมีเขา
0,แมวไม่มีเขามีแต่หู
0,กระต่ายไม่มีเขามีแต่หูยาว
0,นักการเมืองควายควายมีเขา
0,แรมโบ้มีเขา
0,หนูแฮมเตอร์ไม่มีเขา
0,ซีโร่ทูมีเขา
0,ยักแดงมีเขา
0,ยักฟ้ามีเขา
0,ยักม่วงมีเขา
0,ทศกัณฐ์มีเขา
0,ระวังโดนควายเอาเขาเสียบ
0,โดนวัวชนจนเขาเสียบตูด
0,ช็อปเปอร์มีเขา
0,เทพเจ้ามังกรมีเขา
0,กวาง คาริบูมีเขา
0,เพาะคาปรา ไอบ็อกมีเขา
0,แพะป่ามาร์คอร์มีเขา
0,แรดขาวมีเขา
0,ออริกซ์มีเขา
0,มัวฟลอนมีเขา
0,กวางมูสมีเขา
0,แบล็กบักมีเขา
0,แอดแดกซ์ มีเขา
0,สปริงบ็อกมีเขา
0,เธอชอบสัตว์ที่มีเขา
0,เธอชอบแพะเพราะมีเขา
0,แกะมีเขาเหมือนแพะ
0,เขาควายมักจะมีขนาดยาวกว่าของวัว
0,ส่วนเขาวัวนั้นสั้นกว่าควาย
0,ร่างกายของจอมมารมีเขาแหลมโค้งงอไปทางด้านหลัง และมีแววตาของปีศาจชั้นสูง
0,ไทรเซราทอปส์เป็นไดโนเสาร์ที่มีเขาแหลมเป็นอาวุธ
0,แพะมีเขาเหยียดยาวไปทางด้านหลัง ปลายโค้งงอลง และมีเคราที่ใต้คาง 
0,แกะมักมีเขาม้วนกลับไปใต้หู
0,เขากวางอ่อนอุดมไปด้วยสารอาหารประเภทต่าง ๆ 
0,ชาวบ้านทำมีดคว้านเนื้อมะพร้าวอ่อนจากเขาควาย
0,เขาของสัตว์มีองค์ประกอบเป็นกระดูกและเคราติน
0,หนิวเจี่ยวเป็นเครื่องเป่าจากเขาวัวของชาวฮั่นและชนกลุ่มน้อยในประเทศจีน
0,ซาตานมีร่างกายสีแดงและมีเขาบนศีรษะ
0,ยูนิคอร์นเป็นม้าสีขาวมีเขาเกลียวที่กลางหน้าผาก
0,นาร์วาฬตัวผู้จะมีเขี้ยวยื่นออกมาจากปากของมันเป็นแท่งเกลียวยาวแท่งหนึ่งคล้ายกับเขาของยูนิคอร์น
0,กวางมูสตัวผู้จะใช้เขาในการต่อสู้
0,ฉันชอบเขาของกวาง
0,"เขากวางอ่อนถูกใช้ในการแพทย์แผนจีนมานานกว่า 2,000 ปี"
0,ฉันใส่เสื้อแดงควายเลยเอาเขาขวิด
0,กวางตัวนั้นมีเขาสวยมาก
0,วัวตัวนั้นเขาสั้นกว่าควาย
0,เพื่อนบอกว่าฉันมีเขางอกออกมา
0,เพื่อนโง่มากจนเขางอกออกมา
0,เด็กซื้อเขากวางมาใส่เล่น
0,บ้านเพื่อนมีเขาควายอยู่บนกำแพง
0,เพื่อนขายเขาสัตว์ปลอม
0,เพือนเอาเขาสัตว์มาอวด
0,เพื่อนไปล่าสัตว์เอาเขามาฝาก
0,เขาควายแหลมมาก
0,เขาวัวทู่มาก
0,เขาควายยาวมาก
0,เขากวางงอกเหมือนต้นไม้
0,เขาของแรดเรียกว่านอ
0,แมวน้ำไม่มีเขา
0,ฉันเอาเขามาแทงเพื่อนเล่น
0,ฉันถูกกระทิงขวิดโดยใช้เขา
0,กระทิงสู้กันจนเขาหัก
0,ลูกกระทิงแทบไม่มีเขา
0,เขาควายมีสีดำ
0,ฉันเห็นเขาสัตว์ในป่าไม้
0,ฉันล่าสัตว์ในป่าเพื่อเอาเขา
0,เพื่อนถามว่าจะใช้เงินซื้อเขาอันนี้เท่าไร
0,เพื่อนรักสัตว์มากสะสมเขาไว้หลายอัน
0,ฉันยอมให้เธอสวมเขาตามสบาย
0,สปริงบ็อกตัวผู้มีเขาโค้งเป็นรูปตัววี
0,แอดแดกซ์ทั้งตัวผู้และตัวเมียมีเขาทั้งคู่
0,ลักษณะเขาบิดเป็นเกลียวยาว 55–85 เซนติเมตร และมีการขด 2–3 ครั้ง
0,เขาของแบล็กบักมีความสวยงามตรงที่บิดเป็นเกลียวและปลายแหลม ดูน่าเกรงขาม
0,ตัวผู้จะป้องกันอาณาเขตของฝูงตัวเองและแย่งชิงตัวเมีย คือ การใช้เขาทั้งสองข้างนั้นขวิดสู้กัน
0,ด้วยความสวยงามของเขา จึงทำให้ถูกล่า
0,เขาของมันมีลักษณะเหมือนกับมงกุฎที่ตั้งอยู่บนหัว 
0,กวางมูสตัวผู้จะใช้เขาในการตอสู้และใช้เป็นสิ่งดึงดูดเพศเมียเมื่อถึงฤดูผสมพันธุ์
0,ความแข็งแรงและขนาดเขาของกวางมูสจะขึ้นอยู่กับอายุของมันและอาหารที่พวกมันกิน
0,เขาของกวางมูสจะเริ่มงอกเมื่อมันมีอายุ ประมาณ 12 เดือน 
0,มัวฟลอนเพศผู้จะมีเขาโค้งงอนขนาดใหญ่ 
0,เขาของมัวฟลอนตัวผู้มีความยาวเฉลี่ย 25 นิ้ว 
0,มัวฟลอนเพศผู้จะใช้เขาขนาดใหญ่ของมันในการต่อสู้กับมัวฟลอน อื่น ๆ เพื่อดึงดูดความสนใจของเพศเมียและปกป้องอาณาเขตของมัน
0,คาริบูมันเป็นกวางชนิดเดียวซึ่งทั้งเพศผู้และเพศเมียต่างมีเขา
0,เขาของแรดคือบริเวณสันจมูกที่งอกแหลมยื่นยาวอกมา เรียกกันว่า นอ ซึ่งใช้เป็นอาวุธในการพุ่งชนป้องกันตัว 
0,นอของแรดนับว่าเป็นเขา อย่างหนึ่ง
0,นอแรดเป็นเขาที่ไม่มีกระดูกเป็นแกนกลาง 
0,เขาของวัวและควายจะไม่มีการแตกกิ่ง ไม่มีการหลุดหรือเปลี่ยนในตลอดช่วงอายุขัย
0,กวางตัวผู้มีเขาเป็นแขนง
0,กวางตัวผู้ผลัดเขาปีละครั้ง
0,กวางตัวเมียมีขนาดเล็กกว่าและไม่มีเขา
0,กวางตัวเมียลักษณะเขาตัน ไม่กลวง เป็นเกลียว บางชนิดอาจแตกแขนงได้มากเหมือนกิ่งไม้
0,ยีราฟ มีเขาทั้งตัวผู้และตัวเมีย 
0,เขาของยีราฟเป็นสิ่งแสดงถึงความแตกต่างระหว่างเพศ
0,เขาของยีราฟตัวผู้ด้านบนมีลักษณะตัดราบเรียบและมีความใหญ่อวบกว่า ขณะที่ของตัวเมียจะมีขนสีดำปกคลุมเห็นเป็นพุ่ม
0,เขาของยีราฟ มีลักษณะเป็นแท่งทู่สั้นและมีหนังหุ้ม ในวัยเด็กเป็นแท่งกระดูกอ่อน เมื่อโตขึ้นจะเปลี่ยนเป็นแท่งกระดูกแข็งอย่างรวดเร็วและจะยึดติดกับกะโหลก 
0,ยีราฟจะไม่ผลัดเขาเหมือนพวกกวาง
0,พวกมันจะต้องใช้เขาคู่นั้นไปตลอดชีวิต
0,ควายป่ามีเขาทั้ง 2 เพศ
0,เขาควายป่ามีขนาดใหญ่กว่าควายบ้านมาก
0,มังกรเป็นสัตว์ที่มีความสำคัญ และอวัยวะของพวกมันก็มีประโยชน์อย่างมากในการทำวัตถุเวทย์มนต์และการปรุงยา โดยเฉพาะหนัง เลือด ตับ หัวใจ และเขา แต่ไข่มังกรก็จัดอยู่ในสินค้าที่ห้ามซื้อขาย
0,นาร์วาลเพศผู้มีลักษณะที่โดดเด่นคือ มีเขาที่ยาว ตรง เป็นเกลียวที่ยื่นมาจากกรามบนด้านซ้ายของพวกมัน ซึ่งแท้ที่จริงแล้วคือ ฟันเพียงซี่เดียวของพวกมันที่อาจยาวได้ถึง 3 เมตร สำหรับตัวผู้บางตัวอาจมีได้ถึงสองซี่
0,ยูนิคอร์นมีหนึ่งเขาที่เป็นลักษณะเกลียวอยู่กลางหน้าผาก
0,ทางด้านเวทย์มนต์ศาสตร์เชื่อว่า เขา ขน และเลือดของยูนิคอร์นมีคุณสมบัติทางด้านการปรุงยา
0,เขากวางเรนเดียร์ตัวผู้ มีขนาดใหญ่เป็นอันดับ 2 รองจากกวางมูส
0,ด้วงกว่างและด้วงคีมยังถูกเลี้ยงเป็นสัตว์เลี้ยงเพื่อความเพลิดเพลิน เพราะความสนุกสนานในการใช้เขาต่อสู้กันของเพศผู้ ในหลายวัฒนธรรม โดยเฉพาะในพื้นที่ล้านนา
0,ในด้วงกว่าง เพศผู้หลายชนิดมีลักษณะเป็นแผ่นแข็งคล้ายเขายื่นยาวออกไป
0,ด้วงกว่างจะใช้เขาในการต่อสู้ป้องกันตัว
0,ดุยเกอร์ลายจัดอยู่ในประเภทสัตว์กีบมีลักษณะคล้ายกับกวาง แต่แตกต่างที่บริเวณด้านหลังของดุยเกรอ์ลายจะมีแถบเส้นสีดำพาดผ่านสลับกับขนสีแดงน้ำตาลแบบเดียวกับม้าลาย โดยเพศผู้จะมีเขางอกออกมาประมาณ 4.5 เซนติเมตร
0,จามรีมีจุดเด่นคือ มีขนที่ยาวมากและละเอียดอ่อน สีน้ำตาลเข้มจนถึงดำ หรือสีขาว เฉพาะบริเวณสวาบจะมีสีดำห้อยยาวลงมาเกือบถึงพื้น ช่วงเขากว้างมาก หางยาวเป็นพู่
0,ปลายเขามีสีสด
0,กระทิงเป็นสัตว์กีบ รูปร่างใหญ่โตล่ำสัน มีเขาทั้งตัวผู้และตัวเมีย
0,เขาควายมีขนาดใหญ่เป็นวงกว้างคล้ายเสี้ยวพรจันทร์
0,แอดแดกซ์ หรือ แอนทิโลปขาว หรือ แอนทิโลปเขาเกลียว จัดอยู่ในไฟลัมสัตว์มีแกนสันหลัง ชั้นสัตว์เลี้ยงลูกด้วยนม เป็นแอนทิโลปชนิดหนึ่ง
0,ออริกซ์เป็นสกุลของสัตว์เลี้ยงลูกด้วยนมกีบคู่เคี้ยวเอื้อง จำพวกแอนทิโลปหรือกาเซลล์ พบกระจายพันธุ์ในทวีปแอฟริกาและคาบสมุทรอาหรับ มีลักษณะเด่น คือ เป็นแอนทิโลปขนาดใหญ่ และมีเขาที่บิดเป็นเกลียวยาวแหลม
0,ตัวเมียที่ไม่มีเขาเรียกว่าละมั่งเป็นกวางขนาดกลาง
0,แกะบาบารีมีเขาโค้งยาวเรียบ
0,อัลไพน์อีเบ็กซ์มีเขาที่มีขนาดใหญ่แตรโค้ง
0,สัตว์โดนล่าเพราะต้องการเขา
0,นายพรานล่าสัตว์เพราะต้องการเขา
0,ควายที่มีเขาสวยงามคือควายพันดี
0,กวางตัวเมียจะมีเขาสั้น
0,กวางตัวผู้มีเขายาว
0,ควายตัวเมียมีเขาสั้น
0,ควายตัวผู้มีเขายาว
0,เขาสัตว์บางชนิดสามารถใช้เป็นยาได้
0,กวางมีเขาที่สวยงาม
0,กวางโดนคนล่าเพราะต้องการเขา
0,เขาควายมีลักษณะโค้ง
0,เขากวางมีลวดลายที่สวยงาม
0,เขาสัตว์แต่ละตัวมีลักษณะเฉพาะ
0,เขาควายมีสองข้าง
0,เขากวางมีสองข้าง
0,เขาสัตว์เคยเป็นสินค้าส่งออก
0,เขาคืออวัยวะส่วนหนึ่งของสัตว์
0,เขามีประโยชน์หลายด้าน
0,อวัยวะของสัตว์มีหลายอย่างเช่น เขา
0,เขาของสัตว์มีหลายรูปร่าง
0,กระทิงใช้เขาเพื่อดึงดูดเพศตรงข้าม
0,กระซู่ ละมั้ง กูปรี ต่างก็มีเขา
0,สัตว์ใช้เขาเพื่อป้องกันตัว
0,เขาที่มีรูปร่างสวยงามมักจะราคาแพง
0,เขามีส่วนประกอบหลักคือแคลเชียม
0,เขาสามารถนำไปทำยารักษาโรคได้
0,กระทิงมักจะลับเขาของมันเสมอ
0,เขาของกวางตัวผู้จะยาวกว่าของตัวเมีย
0,แพะมีเขาสั้นกว่าควาย
0,คนไม่มีเขา
0,แกะมีเขารูปร่างโค้งมน
0,วาฬบางชนิดมีเขา
0,เขาที่ยาวมากๆจะเป็นอุปสรรคแก่เจ้าของ
0,เขาสามารถแตกหักได้ถ้าเจอแรงกระแทก
0,กวางมีเขาที่สวยงามเป็นที่ต้องการของคน
0,เขาสัตว์มีราคาแพง
0,คนนำชิ้นส่วนของสัตว์มาขาย เช่น หนัง และ เขา
0,ส่วนที่อันตรายที่สุดของกระทิงคือเขา
0,ควายใช้เขาขวิดศัตรู
0,ควายตัวนั้นเขาหัก
0,เนื่องจากการกลายพันธุ์ จึงทำให้ควายตัวนั้นมีเขาที่แตกต่าง
0,แพะใช้เขากระแทกกำแพง
0,กูปรีถูกล่าเพื่อนเขาของมันมาขาย
0,กระทิงใช้เขาของมันตอบโต้กับศัตรู
0,เลียงผามีเขาที่แหลมคม
0,กระทิงมีขนาดเขาที่ใหญ่กว่าควาย
0,เขากวางนั้นสวยงามและมีราคาแพง
0,เขาของกวางตัวนั้นติดกับกิ่งไม่
0,เขาของควายป่ามีขนาดที่ยาวกว่าของควายเลี้ยง
0,กระทิงใช้เขาขวิดกันเพื่อแย่งตัวเมีย
0,ฉันโดนเขากวางแทง
0,ไก่ไม่มีเขา
0,ควายมีแค่สองเขา
0,ฉันโดนเขากระทิงแทงขา
0,มดไม่มีเขาแต่ควายมี
0,ลาไม่มีเขาและฉันก็ไม่มี
0,แพะต่อสู้โดยใช้เขาชนกัน
0,ฉันชอบเขาแกะ
0,เขาควายมีลักษณะแหละหรือป่าว?
0,หมีแพนด้าไม่มีเขา
0,นกเอี้ยงเกาะเขาควาย
0,ที่อยู่บนหัวแรดคือนอไม่ใช่เขา
0,อยากมีเขาเหมือนควายจะได้เอาไปขวิดเธอ
0,สัตว์มีเขาทุกชนิดเป็นสัตว์กินพืช
0,สัตว์บางตัวมีเขาเอาวไว้ต่อสู้กันเพื่อสืบพันธุ์
0,บางคนชอบเอาเขากวางมาบดเพื่อชงกิน
0,เขาสัตว์บางชนิดมีราคาแพง
0,นายพรานชอบล่าสัตว์เพื่อเอาเขา
0,เขาสัตว์ป่าไม่สามารถขายได้อย่างถูกกฎหมาย
0,ถ้าฉันเดินเข้าใกล้กระทิงฉันน่าจะโดนเขาของมันควิด
0,เขาสัตว์มีโครงสร้างๆคล้ายๆกระดูก
0,สัตว์มีเขานั้นโคตรเท่
0,ฉันอยากมีเขาอย่างกวางบ้างเพระมันเท่มาก
0,เขากระทิงนั้นแข็งมากสามารถแทงทะลุตัวคนได้เลย
0,หากมาทาดอร์หลบไม่ทันต้องโดนเขากระทิงแทงเขาอย่างจังแน่ๆ
0,เขาความเป็นที่ที่นกเอี้ยงชอบมาเกาะ
0,กวางเรนเดียร์มีเขาสวยมาก
0,ยูนิคอร์นมีแค่เขาเดียว
0,สัตว์บางชนิดมีเขาเพื่อเอาไว้ปกป้องตัวอย่างจากศัตรูทางธรรมชาติ
0,ฉันเห็นกวางเขาหักช่างน่าสงสารจริงเลย
0,ถ้าแมวมีเขาคงจะน่ารักน่าดู
0,กวางตัวเมื่อไม่มีเขาถ้ามีก็ะเล็ก
0,ช้างไม่มีเขาแต่มีงา
0,ป่าเป็นที่สัตว์มีเขาหลายชนิดอาศัยอยู่
0,ฉันเจอซากกวางตายและเขาของมันถูกตัดไปแล้ว
0,ในสวนสัตว์มีกวางพิการตัวหนึ่งที่มีแค่เขาเดียว
0,ในบ้านของเปรมชัยมีเขากวางแขวนอยู่
0,เปรมชัยชอบสะสมเขาสัตว์
0,สัตว์ป่าทุกตัวต่างกลัวเปรมชัยเพราะเปรมชัยชอบล่าสัตว์เอาเขาไปสะสม
0,หากฉันเป็นเปรมชัยฉันจะไม่ยิงเสือดำเพราะเสือดำไม่มีเขาให้สะสม
0,ฉันชอบยูนิคอร์นเพราะมันมีเขา
0,คงจะมีเป็ดมีบนที่ไหนสักที่หนึ่งในจักรวาล
0,ในโลกคู่ขนาดน่าจะมีสักที่หนึ่งที่มียูนิคอร์นมีสองเขา
0,เขาสิงโตไม่มีอยู่
0,เขากระทิงแหลมคมมากๆเลยนะ
0,เพราะอะไรเขาจึงอยู่ฉะเพาะที่หัว?
0,คุณครูเคยพูดว่าถ้าไม่ต้องใจเรียนระวังเขาจะงอกออกมาจากหัว
0,ถ้ากวางไม่มีเขาก็คงจะมีลักษณะคล้ายลา
0,ฉันไม่มีเขาเพราะฉันไม่ใช้กวาง
0,กวางน่ารักเพราะว่ามีเขา
0,แตรยาวคล้ายเขาสัตว์ของคนเลี้ยงแกะในสวิสเซอแลนด์
0,กวางแทบจะสูญพันธ์เพราะมนุษย์ล่าเพื่อต้องการเขาอันสวยงามของมัน
0,ชาวจีนนิยมนำเขากวางมาบดทำยา
0,ฉันถูกสวมเขา
0,มึงมันโง่ จนเขางอกแล้ว
0,ควายมีเขา 1 คู่
0,เขาวัวสั้นกว่าของควาย
0,มึงมันโง่เหมือนควายที่มีเขา
0,เขากวางอ่อน อุดมไปด้วยสารอาหารประเภทต่าง ๆ ที่มีประโยชน์ต่อร่างกายมนุษย์
0,เธอถูกเขาแทง
0,อวัยวะที่แข็งและแหลมของควายคือเขา
0,ยีราฟเป็นสัตว์มีเขา
0,สมันได้ชื่อว่าเป็นกวางที่มีเขาสวยที่สุดในโลก
0,"แรดมีลักษณะเด่นที่สุด คือ เขาบริเวณสันจมูกที่งอกแหลมยื่นยาวออกมา เรียกกันว่า ""นอ"""
0,เขาของสัตว์มีอยู่2ชนิด
0,กระซู่มีลักษณะเด่นคือมีเขาที่เรียกว่านออยู่ 2 นอ
0,สัตว์มักใช้เขาในการต่อสู้เพื่อแย่งชิงอาณาเขต
0,คนล่าสัตว์เพราะต้องการเขา
0,คนยุคหินใช้เขาเป็นอาวุธ
0,คนรวยใช้เขาตกแต่งบ้าน
0,เขากวางมีมูลค่ามาก
0,เธอถูกเขาขวิด
0,แม่วัวให้เขาขวิดคนที่เข้าใกล้ลูกวัว
0,เธอสวมเขาไปงานแฟนซี
0,เขาที่เห็นตรงนั้นเป็นของกวางมูส
0,ฉันเห็นเขาของแพะป่ามาร์คอร์อยู่ตรงนั้น
0,เขาของแพะป่ามาร์คอร์มีลักษณะบิดม้วน โดยของเพศผู้จะยาวกว่าของเพศเมีย โดยยาวประมาณ 50 เซนติเมตร 
0,คาปรา ไอบ็อกตัวผู้มีเขาไว้ดึงดูดตัวเมีย
0,ยูนิคอร์นมีเขาเพียง 1 อัน
0,กวางคาริบูเป็นสัตว์ที่มีเขาสวยที่สุด
0,เขาบนหัวได้มาจากไหน
0,คนเราไม่มีเขา
0,สัตว์ที่มีเขาสวยเป็นสัตว์หายาก
0,เขายูนิคอร์นเป็นของวิเศษ
0,บ้านฉันมีเขากวาง
0,อสูรจะมีเขาบนหัว
0,เขาที่เห็นในป่าเป็นของตัวอะไร
0,ขวิดคือการที่สัตว์ใช้เขาหรือนอทำร้าย
0,เขาจะงอกเมื่อโตเต็มวัยแล้วเท่านั้น
0,ปลาไม่มีเขา
0,เขาเป็นสิ่งของสวยงามใช้สำหรับตกเเต่งบ้านได้ดี
0,เลียงภาเป็นสัตว์ที่มีเขาอาศัยอยู่ตามหน้าผา
0,สัตว์มีเขาบางชนิดมีประโยชน์มากเช่นใช้สำหรับการทำนา
0,ควายมีเขาเเต่ไม่ได้หมายความว่าเป็นสัญลักษณ์ของความโง่
0,ผู้คนมักจะด่าคนที่โง่ว่ามีเขา
0,เขา 2 อันที่อยู่ด้านหน้าของกระซู่เรียกว่านอ
0,ยีราฟมีเขาเล็กๆถ้าสังเกตุดีดี
0,เขาที่ทีลักษณะเเหลมปลายเป็นของสัตว์นานาพรรณ
0,เธออย่าทำตัวเหมือนกระทิงที่เวลาโมโหแล้วใช้เขาขวิดคนไปทั่ว
0,กระทิงใช้เขาขวิดเวลาที่อารมณ์ร้อน
0,ฉันเคยเห็นคนตัดต่อภาพนายกของเรามีเขา
0,เพื่อนชอบเติมเขาบนหัวให้เธอในสมุดภาพรุ่นของพวกเรา
0,เธอสะสมของที่มีลักษณะเป็นเเท่งเเหลมคล้ายเขา
1,คุณลุงแถวบ้านชอบพูดว่าเขาเป็นคนดี มีนํ้าใจชอบช่วยเหลือสังคม แต่ตอนนี้ก็ผ่านมาหลายปีแล้ว ไม่เห็นแกทำอะไรเป็นชิ้นเป็นอันซักที
1,ฉันรักเขา
1,ฉันรักเขามาก ๆ 
1,เขาช่างดูดี
1,เขาช่างดูเตี้ย
1,เขาช่างดูสูง
1,เขามีเงิน
1,เขารวย
1,เขาหล่อ
1,เขาโง่
1,เขาฉลาด
1,เขาจน
1,เขาไม่รักเรา
1,เราไม่รักเขา
1,เราไม่ไหวกับเขาแล้ว
1,เธอจะอะไรกับเขานักหนา
1,เธอจะพูดถึงเขาอีกนานไหม
1,เธอเป็นอะไรกับเขา
1,เธอยุ่งกับเขาทำไม
1,เธอปล่อยเขาไปเถอะ
1,เธอเป็นไรกับเขา
1,เขาไม่สนใจเธอแล้ว
1,เขาปวดหัว
1,เขาทำข้อสอบไม่ได้
1,ทำไมเขาให้การบ้านยากจัง
1,ทำไมเขาไม่ส่งงาน
1,ทำไมเขาไม่กินข้าว
1,ทำไมเขาต้องทำแบบนี้
1,ทำไมเขาไปเป็นนายก
1,เธอเขาเอากัน
1,เราเขาเอากัน
1,เธอมีเขาตอนไหน
1,เขามีเธอเมื่อไรไม่รู้
1,เธอมีเขา ฉันก็ต้องไป เรื่องง่าย ๆ ที่ไม่ต้องคิดก็พอจะเข้าใจ 
1,มีคนบอกว่าถ้ารักใครจริง ต้องปล่อยเขาไป
1,Yeahถ้าลองสมมติว่าเธอไม่มีเขา
1,เขาก็คงจะรักเธอ แม้ฉันรักเธอเธอมากกว่า
1,เล่นสกปรก พอเขาเผลอก็พร้อมจะ charge it
1,เมื่อเขามาฉันจะไป
1,แอบดูตอนที่เขาส่งข้อความมาบอกเธอ
1,อยากบอกกับเธอให้เลิกกับเขาแล้วมองกลับมา
1,ทะเลาะกับเขามาทีไร ก็เป็นหน้าที่ฉัน
1,ถ้าไม่มีเขาคงไม่เท่าไร ไม่ต้องไปร้องไม่ต้องเสียใจ
1,แม้ไม่เคยทำให้เธอต้องร้องไห้เลย อย่างเขา
1,ก็ไม่เคยทำให้เธอนั้นยิ้มได้เลย อย่างเขา
1,เพราะฉันก็ห่วงแต่เธอเหมือนกับที่เธอห่วงแต่เขา
1,แทนที่เขาไม่ไหว อย่างน้อยเธอไม่ทุกข์ใจก็พอ
1,จะตามไปจนได้เจอว่าเขามันเป็นใคร
1,บอกไปว่าเขาเท่านั้น ที่เธอคิดฝันในใจ
1,ถ้าวันหนึ่งฉันเลิกกับเขา แล้วเราจะมารักกันได้ไหม
1,ก็เหมือนที่ใครเขาบอก รักแท้ยังไงก็แพ้ใกล้ชิดกัน
1,เขาคือคนที่ใช่ แต่ก็บังเอิญว่าเธอใช่กว่า
1,ช่วยไม่ได้เธอรักเขาก่อน
1,จนวันนี้ที่เธอมีใจให้เขาที่เพิ่งเข้ามาความกล้าเท่านั้นที่ฉันมันมีไม่พอ
1,ให้เธอได้กับเขาแล้วจงโชคดี
1,พ่อครับเขาว่าความรักนั้นมาเติมเต็มที่ว่างในใจอยากรู้ว่ามีขายที่ไหนหรือเปล่า
1,ว่ามันต้องใช้น้ําตาแค่ไหนต้องร้องไห้กี่ครั้ง ให้เขาและเธอทิ้งขว้างความรักแล้วเลิกลา
1,ฉันเขาเรารักกัน
1,ขอบฟ้าต้องกลายเป็นเขาที่พาไป
1,เขามาเชงเม้งข้างๆหลุมผมครับ
1,จริงๆแล้วเขาไม่ได้คิดอะไรที่ลึกซึ้งมากมายขนาดนั้น
1,แมวของเขาและรักของเรา
1,เขาไม่ได้มีความหมายอะไร
1,อาการของลูกชายของเขากลับดีขึ้นทันตาเห็น
1,เขาไม่ได้รักฉันอีกแล้ว
1,เขาไปสวนสัตว์
1,เขาคนนั้นกำลังฟังแบล็คพิงก์
1,ถึงเราไม่มีเขา เราก็อยู่ได้ เพียงแค่เรายังไม่ชินแค่เท่านั้นเอง
1,ในทุก ๆ วันเขาจะมาขุดดูว่าทองคำยังอยู่ครบหรือไม่
1,เขายินดีซื้อลิงตัวละ 10 เหรียญ
1,แม่น้ำสายนี้ได้พัดเขามาที่ชายฝั่ง
1,เขามีทรัพย์สมบัติมากมายที่พร้อมจะยกให้ลูกชายทั้งสอง
1,เขามีวิธีเลี้ยงควายที่ไม่เหมือนใคร
1,เขาที่เพิ่งเจอกับเธอที่มาก่อน
1,ทำทุกอย่างเท่าที่พวกเขาทำได้เพื่อบรรดาสัตว์ที่อยู่ในความดูแล
1,เขาไปแล้ว
1,ด้วยความที่ผมไม่ได้ประจบเขากลับ
1,พวกเขานำนักเตะใหม่เข้ามาจนทีมเสียสมดุล
1,สิ่งที่เราให้เขาเหมาะกับการเรียน
1,อย่างไรก็ตามเขายังคงอยู่ที่ PUBG Corp
1,เขาเป็นผู้เล่นที่ชนะฟุตบอลแชมเปี้ยนส์ลีกส์รายการชิงแชมป์ยุโรปถึงสี่สมัย
1,อ้ายแพ้เชิงเขา
1,เพลงของเขาเพราะมากจริงๆ
1,เธอเป็นของเขา
1,เราจะชอบใครสักคนจากเพลงที่เขาชอบฟัง
1,ถ้าเธอคิดจะลืมเขา ก็ตัดใจเลย
1,ฉันรักผัวเขา
1,เธอดีใจตอนเขาเข้ามา
1,อยากมีสิทธิ์อย่างเขา
1,เขาได้ปล่อยเพลง ธารารัตน์ ซึ่งสร้างสถิติใหม่บนแอพพลิเคชั่นJOOX
1,การจากไปของคนหลังยังผลให้เขาต้องตกกระไดพลอยโจนออกมาสู่เบื้องหน้า
1,ภาพแรกที่ผมเห็นเขาคือกว่าสามสิบปีมาแล้ว
1,ศึกการต่อสู้ที่ดุเดือดระหว่างมนุษย์และเหล่าแวมไพร์ชั่วร้ายที่คอหนังแอคชั่นไม่ควรพลาดแต่ละเรื่องที่เขาเล่นนั้น สามารถกวาดรายได้ไม่น้อยเลยเช่นกัน
1,พวกเขาทั้งสองคนกับหนึ่งตัว ต้องรวมพลังกัน
1,ถ้าเขาเกเร หันมารักทะเลอย่างเราก็ได้นะ
1,ไปทะเลทำไม ถ้าในใจมีแต่เขา
1,คนปากดีในวันนั้น คือคนที่มานั่งคิดถึงเขาในวันนี้
1,ถ้าเธอมีเขา แล้วเรามีใคร
1,ตอนนี้มีแฟนแล้วแต่เราอยู่ไกลกัน เราอยู่ปัจจุบัน ส่วนเขาอยู่อนาคต
1,เป็นนักเรียนต้องตัดผม ถ้าเขาและเธอเหมาะสม คนอย่างผมคงต้องตัดใจ
1,กินเหล้ามันทำร้ายเรา แต่รักเขามันทำร้ายใจ
1,เขาเป็นคนที่ใช่ทุกอย่าง ไม่ใช่อยู่อย่างเดียว ไม่ใช่ของเรา
1,อยากเป็นหุ่น ที่ไร้หัวใจ ไม่ต้องรู้สึกอะไร เมื่อเธอไปกับเขา
1,ความห่วงใย ถ้าเขาไม่ต้องการ มันก็คือความน่ารำคาญดีๆนี่เอง
1,บางครั้งมันก็ทำร้ายจิตใจเขาเหล่านั้นอยู่บ้างเหมือนกัน
1,คนจำนวนมากจำกัดตัวเองไว้เพียงแค่สิ่งที่พวกเขาคิดว่าทำได้
1,การที่เราเป็นคนดีไม่ได้การันตีว่าเขาจะรัก
1,เขาคนนี้คือนักสะสมผ้าขาวม้า
1,แล้วเราจะรู้ได้ไงว่าเขาคนนั้น คือคนที่ใช่จริงๆ
1,เธอคนนั้น กับ เขาคนนี้
1,เธอขี้เหงา เขาขีเอาใจ
1,คบเธอมาตั้งนานแต่เพิ่งจะรู้  ความสัมพันธ์ที่เธอนั้นมีกับเขา
1,ไม่อยากจำว่าฉันต้องเป็นคนเก่า  เมื่อเขาเดินเข้ามา  
1,เธอกับเขาก็เดินออกไปช้าๆ  โดยไม่ยอมหันมาดูใจฉันเลย
1,ก่อนนอนฉันภาวนา ให้เขามาด้วยใจไม่จริงจัง
1,ดาวดวงนั้น ถ้ามันเป็นดาวของเธอกับเขา
1,ไม่อยากให้เธอรักเขาจริง 
1,อยากให้เขาทิ้งเธอไป
1,คนที่เธอทิ้งฉันไปเลือกเขา
1,จับมือเขาแล้วดูมั่นใจ ไม่น่าอายเหมือนตอนมีฉัน
1,นับจากวันนั้น ฉันก็เจอเขา
1,เขาที่คอยเช็ดน้ำตา คอยดูแลไม่ห่าง
1,อย่าร้อง เขาบอกกับฉันว่าอย่าร้อง
1,มีเขาทั้งคนจะคอยอยู่ข้างฉัน
1,คนหนึ่งเขาช่างดีกับฉัน
1,จะทิ้งเขาลงยังไง
1,เพิ่งอยากตัดสินใจ เกิดจะกลัวเขาเจ็บ
1,จะกลัวเขาเจ็บ ไม่อยากทำร้ายใคร
1,อ่ะก็เลือกแบบนี้ ก็ผิดที่เขาเอง
1,ยามที่มือเธอคิดจะจับกับเขาคิดถึงฉันไว้
1,ยามที่ปากเธอคิดจะจูบกับเขา คิดถึงฉันไว้
1,เศษใจที่เขาโยนทิ้ง ยินดีรับครอบครอง
1,ใครเห็นเป็นดินช่างเขา
1,ต่อให้เป็น เศษดวงใจ เขาเอาทิ้งให้เก็บ
1,ถ้าเธอไม่รังเกียจกันพาเขามาด้วยเลย
1,มีคำถามเดียวที่อยากจะถามว่าเขาสมควรแค่ไหนกันเข้ามาแย่งเธอจากฉัน
1,เลี้ยงส่งให้เธอกับเขาได้รักกันนานๆ
1,เรื่องเราไม่ใช่ปัญหาเพราะเธอยังมีเขา
1,ผมรักน้องเขาจริงนะพี่ คนนี้ให้หมดหัวใจ
1,ผมรักน้องเขานานแล้วพี่ คนนี้ผมเลยอยากขอ
1,ความสุขน้องเขาผมขวางไม่ได้ มีให้แค่คำอวยพร
1,ฝากแฟนผมด้วยช่วยดูแลน้องเขาที หากน้องทำตัวไม่ดีพี่อย่าเพิ่งใจร้อน
1,น้องเขาทิ้งผมไปหาพี่ คนนี้ผมอยากฝากไว้
1,รักน้องเขาเท่าผมได้ไหม ลูกผู้ชายขอกัน
1,เธอคงเจ็บที่เขาไม่แคร์
1,ทุกๆครั้งที่เธอทะเลาะกับเขาแล้วเธอก็มา
1,หมดชีวิตฉันให้เธอ แต่วันนี้หัวใจเธอให้เขา
1,เขาเจ้าชู้ เธอว่าน่าสนใจ เอาแต่ใจยิ่งดี
1,เขายิ่งหลอกลวงให้เธอช้ำเท่าไหร่เธอยิ่งมอบใจของเธอ
1,ให้เธอคืนเขาไป
1,จริงๆแล้วเขาไม่ได้คิดอะไรที่ลึกซึ้งมากมายขนาดนั้น
1,เพราะเขาไม่ได้คิดอะไรที่ลึกซึ้งมากมายขนาดนั้น
1,เขาแค่รักคนอื่น มันคงป่วยการที่เธอจะฝืนอีกต่อไป
1,ฉันรู้ว่าในใจเธอคงคิดว่าเขาดี
1,ไหนว่าเธอไม่ใส่ใจกับเงินทองที่เขามี
1,ทั้งที่รู้ว่าธีรพัฒน์มีใครคนอื่น นฤมลก็ยังยอมไปเจอเขาอีก
1,ฉันคิดว่าเจษฏาเป็นลูกผู้ชายมากพอ ยังไงเธอช่วยไปถามเขาที
1,เขาไม่ค่อยจะมีเวลา ฟังดูก็เข้าที
1,จะรองเท้าหรือนาฬิกาเธอก็ยกให้เขาฟรี มันก็เศร้าดี
1,ถ้าเธอต้องเลือกระหว่างเขาและฉัน ถ้าเป็นอย่างนั้นเธอไม่ต้องเลือกฉันเลย
1,เขาจะทำตามสัญญา ขอเวลาอีกไม่นาน
1,ให้เธอได้กับเขา และจงโชคดี
1,เขาไปตลาด
1,เขากระอักเลือดตาย
1,เขาเป็นคนดี รักชาติและศาสนา
1,เขามีชื่อว่าปลาหยุด อันโอชะ
1,เขาแต่งแต่ประโยคเสี่ยงคุกทั้งนั้นเลย
1,เธอมีเขา ฉันก็ต้องไป
1,พี่โตบอกว่า ของเขาใหญ่มาก
1,อจก. กินข้าวที่บ้านของเขา
1,เขามีีอะไรกันในบ้าน อจก.
1,คนๆนั้นเขาชื่อเอ
1,เธอบอกว่าเธอจะไปกับเขา
1,เขากลับบ้านไปเชงเม้ง
1,ลุงคนนึงบอกว่า เขาเลือก ศว. 250คนเองกับมือ
1,เขานำแพะสองตัวมาบูชายัญ
1,เขาโดนแพะขวิดเลือดไหลซิบๆ
1,เขาเป็นแพะในคดีขโมยโซฟาห้องธุรการ
1,น้องตูบอกว่าเขาอยากเลี้ยงแพะ
1,"เขาตระโกนออกมาว่า ""กูไม่ออก ออกแล้วจะเอาอะไรแดก"""
1,โบราณเขาว่า ทําอะไรก็ได้ก็ไม่ได้ขอตังใคร
1,โอมหนุ่มแต่งเพลงเพื่อบอกว่าเขาทำให้แม่ภูมิใจ
1,ลุงตรูเขาบอกว่าสนใจที่จะลงมาเล่นการเมือง
1,ดูเหมือนว่าเขาจะอยากโดนปรับทัศนคตินะ
1,เขาทำงานเป็นช่างแกะสลักไม้อยู่แถวสวนประตูน้ำ
1,โอมหนุ่มหาเงินเองได้ ใครจะด่าเขาขอให้หาเงินเองได้ก่อน
1,นั่งมองดูเขาแกะสลักน้ำแข็งแล้วหนาวแทน
1,เขาแกะห่อของขวัญที่ได้รับมาเมื่อเช้า
1,นักสืบแกะรอยตามคนที่เขาสงสัยว่าเป็นคนร้าย
1,ฉันแกะขนมนั่งแต่งประโยคอะไรก็ไม่รู้อยู่ให้เขา
1,ชัชชาติไม่ได้หายใจ แต่อากาศต่างหากที่ลอยเข้าปอดเขา
1,ตอนเป็นทารก ชัชชาติเป็นผู้สอนหมอให้ทำคลอดเขา
1,เขากินข้าวกับขนมปังเป็นอาหารเช้า
1,สมรได้บ่นกับอมรว่าเสียใจที่เขาไม่รักเรา
1,ลุงปรีเลี้ยงวัวชื่อว่าป้อม ลุงปรีรวยมากเลยให้วัวของเขาใส่นาฬิกาถึง26เรือน
1,ลุงตูบอกว่าเขาไม่สนใจการเมือง
1,พยายามมา5ปีแล้วได้แค่นี้ ยังไงก็ไม่ได้ขี้ตีนเขาหรอก
1,ทำใจเถอะแฮรี่ ลอร์ดโวลเดอมอร์เขาใช้เงินซื้อทั้งจักรวาลไปแล้ว
1,สุชาติสงสัยว่า ลอร์ดโวลเดอมอร์น่าจะถูกใช้เรียกแทนเขาคนนั้นในโลกจริง
1,"ลุงข้างบ้านเขาสงสัยว่า ""ไอ้ควายเผือก"" เป็นคำด่าหรือไม่"
1,มีคนเขาพูดว่า คนที่จะเอาชนะกฏหมายทุกตัว ต้องเรียกว่าคนเลว
1,สมอรให้การว่า เขาจ้างให้หนูไปเตะเด็ก
1,ตำรวจจับปรวีเพราะเขาโพสหมิ่นประมาทแมวในอินเตอร์เน็ต
1,เขาว่ากันว่า ทุกๆคนต้องหายใจเข้าและหายใจออก
1,เขาว่าโลกนี้สวยงามกว้างใหญ่ไพศาลตระการตามหึมามโหฬาร
1,สุกรบ่นว่าที่เขาต้องมานั่งพับผ้าอย่างนี้เพราะถูกเมียสั่งมา
1,สมชัยกล่าวขอโทษที่เขากินข้าวไปถึง600ล้านบาทในมื้อเดียว
1,พรชัยไม่ให้เพื่อนๆลอกการบ้านของเขา
1,อจก.ให้แต่งประโยค โดยเขาบอกว่าประโยคหนึ่งจะยาวเท่าไหร่ก็ได้
1,พี่แอ๊ดบอกว่า วันนี้เขาจะไปเรียนแต่งหน้า นั่งสมาธิ ดำน้ำ ปลูกปะการัง ทำอาหาร นวดสปา ปลูกป่า ดำนา ดูดิสนีย์ออนไอซ์ แรลลี่ตีกอล์ฟ ล่องเรือ ส่องสัตว์ ช๊อปปิ้ง ดูงิ้ว ดูละครเวที ดูคอนเสิร์ต ดินเนอร์ ทำขนม จัดดอกไม้ เที่ยวตลาดน้ำ เรียนถ่ายรูป ดูกายกรรม ชมเมืองเก่า เข้าสัมมนา ทัวร์ธรรมมะ เรียนเต้นแล้วก็ร้องเพลงภายในวันเดียว
1,นาย ก กำลังจะ F แต่เขาไม่ดรอป
1,เธอไปกับคนอย่างเขาแล้วฉันได้อะไร
1,เขาคือคนมารับมาส่ง
1,ในยุคที่บ้านเมืองร้อนเป็นไฟอัธพาลครองเมืองเจ้าหน้าที่คดโกงเราต้องการผู้ช่วยเหลืออย่างเขาผู้ที่ได้ชื่อว่าเป็นคนไกลบ้านผู้ที่มาจากดวงดาวอันแสนไกลนามผู้นั้นคืออุนตราแมน
1,เขาจะไม่ยอมให้ใครมามาราวี
1,ยอมแพ้แล้วไปมอบตัวกับเขาซะพี่เสือป่ามิเช่นนั้นพี่อาจจะไม่ได้ออหมาหาน้องอีก
1,เธอเลือกจะเป็นของขวัญให้กับเขา
1,ระหว่างฉันกับเขามีความลับของกันและกัน
1,เขาเลือกเดินออกไปให้ฉันเข้มแข็งขึ้น
1,เขาไม่มีตัวตนอีกต่อไป
1,เขาคือใคร
1,เขาเป็นคนเก่ง
1,นั่นคือเขาคนนั้นที่บอกหรอ
1,อย่าลืมไปบอกเขานะ
1,เขากำลังทำอะไรอยู่ตรงนั้น
1,เขาเป็นอิสระจากคนๆนั้นแล้ว
1,ฉันเห็นเขาอยู่ที่นี่
1,เขาไม่ได้อยู่กับฉันอีกต่อไป
1,เขาให้อภัยฉันในหลายๆเรื่อง
1,เขาสัญญากับฉันไว้แล้ว
1,เขาอยู่ตัวคนเดียวมานาน
1,ฉันอยากรู้หลายๆเรื่องเกี่ยวกับเขา
1,มันน่าอายเกินไปที่จะไปถามเขา
1,เขาเลือกจะบอกลาความสุขตนเอง
1,เขาแตกต่างจากคนอื่นๆ
1,เขาฝึกฝนอย่างหนักเพื่อวันนี้
1,เขาไม่เคยทิ้งใครไว้ข้างหลัง
1,เขาไม่คู่ควรกับฉันหรอก
1,เขาชอบนอนกลางวันเป็นประจำ
1,เขาชอบเวลาพระอาทิตย์ขึ้น
1,เขาเป็นคนขึ้ลืม
1,เธอรู้อะไรจากเขาบ้าง
1,ฉันเกลียดเขาไม่ลงจริงๆ
1,เขาเก่งไปซะทุกอย่าง
1,เขารักในอิสระมากกว่าสิ่งใด
1,เขาเลือกจะถูกทิ้งไว้ข้างหลัง
1,เขาเป็นคนขยัน
1,ฉันและเขาเป็นนักศึกษาของมหาวิทยาลัยเชียงใหม่
1,ไม่เขาก็เธอนี้แหละที่เป็นคนร้าย
1,เธอคงจะรักเขามากเลย
1,หากฉันเป็นเขาฉันคงจะเสียใจมาก
1,เขาไม่ชอบออกไปข้างนอก
1,เขาชอบไปทะเลมาก
1,วันที่เขาไปเที่ยวฝนตกหนักมาก
1,เขาไม่มีเงินพอจะซื้อของ
1,เขาให้นาฬิกาเป็นของขวัญ
1,เธอไม่ชอบให้เขาร้องเพลง
1,เขาใช้ฉันไปซื้อของ
1,เขาทำไห้ฉันมีความสุข
1,เขาคือพ่อของฉัน
1,เธอทำให้เขาเสียใจ
1,เขาและเธอเป็นสามีภรรยากัน
1,เขาพอจะมีเงินอยู่บ้าง
1,ฉันพาเขาไปโรงพยาบาล
1,แล้วเขาก็เดินจากไป
1,เพราะฝนตกเขาเลยเปียกฝน
1,เพราะเขาเป็นคนดีเลยมีคนรู้จักเยอะ
1,ฉันกำลังไปซื้อของให้เขา
1,เมื่อเขาไปหาเธอท้องฟ้าก็มืดแล้ว
1,เมื่อก่อนเขาเป็นทหารที่ชายแดน
1,แต่แล้วเขาก็รู้ว่าใครเป็นคนร้าย
1,พวกเขาทั้งหมดเป็นทีมฟุตบอลนานาชาติ
1,พวกเขาทั้งหมดเป็นคนดี
1,พวกเขาพาโจรไปโรงพักเรียบร้อยแล้ว
1,พวกเขามาที่สนามหลวงเพื่อประท้วงขอความเป็นธรรม
1,เขาโดนจับตัวไปเรียกค่าไถ่
1,ฉันโดนพวกเขาหลอกให้ทำธุรกิจด้วย
1,เขาทำเธอโมโหเพราะแอบไปมีชู้
1,พวกเขาชอบไปเที่ยวทะเล
1,ฉันและเขาเป็นพี่-น้องกัน
1,พวกเขาไม่ไปขึ้นศาลเลนถูกลงโทษ
1,พวกเขาเป็นคนฆ่าเสือดำ
1,เขาเป็นคนโกงกินประเทศ
1,เธอมีความสุขเพราะมีเขา
1,เขาและเธอทะเลาะกัน
1,พวกเขากำลังทำอาหาร
1,ฉันและพวกเขาจะไปช่วยเสือดำ
1,เขามีวัวหลายตัว
1,พวกเขาชอบล่าสัตว์
1,เขาชอบเดินริมทะเล
1,เขาและฉันชอบเดินป่า
1,พวกเขาเชื่อใจซึ่งกันและกัน
1,เขาเป็นคนหลายใจ
1,เขาชอบกินมัน
1,มันเป็นสัตว์เลี้ยงของเขา
1,ของพวกนั้นเป็นของเขา
1,ฉันซื้อแอปเปิ้ลไปให้เขา
1,ฉันเอาส้มไปให้เขา
1,ฉันเอาตะเกียบทิ่มตาเขา
1,ฉันทำอาหารให้เขากินทุกวัน
1,ฉันต้มมะเขือให้เขากิน
1,ฉันชอบฟังเขาร้องเพลง
1,ฉันชอบเขาเพราะความรวย
1,ฉันชอบเขาเพราะความหล่อ
1,ฉันชอบเขาที่หน้าตา
1,ฉันถีบเขาเพราะความโกรธ
1,เขาต่อยฉันเพราะฉันโคตรหล่อ
1,เขาทำให้ฉันเสียใจ
1,เขาทำให้ฉันร้อนรน
1,เขาทำให้ฉันร้องไห้
1,เขาทำให้ฉันปวดหัว
1,เขาเอาแต่ใจ
1,เขาเอาแต่เถียงฉัน
1,ฉันมีเหตุผลมากกว่าเขา
1,เขามีน้ำมีนวล
1,เขาร้องเพลงเพราะ
1,เขาเป็นที่รักของเพื่อนๆ
1,เขาเป็นคนทำงานเก่ง
1,เขาเป็นคนที่มีมิตรไมตรี
1,เขามีความเป็นผู้นำสูง
1,เขาเป็นคนมีน้ำใจ
1,เขาเรียนจบปริญญา
1,เขารักแม่มาก
1,เขารักพ่อมาก
1,เขารักแม่และพ่อ
1,เขาแอบรักแฟนของคนอื่น
1,เขาช่วยพ่อแม่ขายของ
1,เขาเชื่อฟังพ่อแม่
1,เขาเป็นคนเตี้ย
1,เขาเป็นคนอ้วน
1,เขาทำงานหนักเพื่อครอบครัว
1,เขาชอบทำบุญ
1,เขาทำบุญให้ญาติที่เสียไปแล้ว
1,เขารู้จักฉัน
1,ฉันไม่เจอเขามาสักพัก
1,เขาเป็นคนตาบอด
1,เขาเป็นคนฉลาด
1,เขาชอบนอนอ้าปาก
1,เขาขี้น้อยใจ
1,เขาขี้งอน
1,เขาปลูกส้ม
1,เขาชอบกินส้มตำกับแฟน
1,เขาชอบกินพิซซ่า
1,เขาซื้อเครื่องกรองอากาศ
1,เขาชอบดื่มน้ำผลไม้
1,เขาสร้างบ้านใหม่
1,ฉันรักเธอเธอรักเขา
1,เขาไม่มีตัวตน
1,เขาใครคนไหนคนใดคนหนึ่ง
1,เขาอยู่ในป่ากับเพื่อนๆ
1,เขาไปเที่ยวริมทะเลอันห่างไกล
1,เขามีนกเเละสัตว์มากมาย
1,เขาเป็นคนใจดี
1,เขาเป็นคนโหดร้าย
1,เขารวยมาก
1,เขามีนาฬิกาเพื่อนหลายเรือน
1,เขากำลังจะเป็นนายก
1,เขามีไอ่นั้นทั้งใหญ่เเละยาว
1,เขาบอกว่าฉันอ้วน
1,เราเขาเมาเอาเธอ
1,เขาไม่เอาเธอ
1,เธอได้ไปเที่ยวเเถวทะเลเเละไปเจอเข้ากับใครบางคนที่จะรุมทำร้ายจนได้เขามาช่วยเเละเเต่งงานกันในที่สุด
1,เขาเป็นคนมีจิตใจเศร้าเหงาหงอย
1,ฉันคิดว่าเขาเป็นคนจิตใจดี
1,เขามีของใหญ่มากๆในกางเกง
1,เขาเป็นของเธอ
1,เขาเป็นสรรพยนามบุรุษที่ 3
1,เส้นสายของเขาไม่ใหญ่เอาเสียเลย
1,เขาเอากับเธอจนเราต้องเลิกกัน
1,เขาไปเที่ยวที่ไหนก็ได้ไม่ใช่เรื่องของเรา
1,เขาอยู่ที่ไหนที่ใดที่หนึ่ง
1,เธอโดนเขาเเทงเข้าที่ท้อง
1,เขาเห็นอวัยวะของสัตว์
1,เขาโดนของเเหลมคมเเทงเข้า
1,เขาเข้าไปดูนกเค้าเเมว
1,เขามีของสะสมมากมายเนื่องจากเป็นนักสะสม
1,เขาทิ้งเธอไปหาคนอื่น
1,เขานี้ใคร
1,คนนั้น เขาเป็นใคร
1,เขาเท่ไหมเธอ
1,เขารักเธอ
1,เขาเกลียดเธอ
1,เขายิงปืนโครตเท่
1,เขาแตะบอลเก่งมาก
1,เขาวิ้งเร็วมาก
1,เขากระโดดไกลมาก
1,ฉันรักเขาตั้งแต่แรกพบ
1,ฉันเกลียดเขามาตั้งนานแล้ว
1,เขาแม่งโครตเทพ
1,เขาแม่งกาก
1,เขาชอบเล่นเกม
1,เขาชอบแตะบอล
1,คุณปู่ของเรา เขาเป็นคนรักสัตว์
1,เขาเกลียดสัตว์
1,เขาชอบกินขนมทั้งวัน
1,เขารักในตัวเอง
1,เขาฟันดาบเทพมาก
1,ฉันเคยไปดูงานแข่งขัน เขาตีปิงปองเก่งมาก
1,เขานั่งอยู่ตรงนั้น
1,เมื่อเช้าเขากำลังนอนหลับอยู่
1,เขาตื่นแล้ว
1,เขาเป็นเด็กที่ขยันและเรียนเก่งมาก
1,เขาบวกลบเลขเร็วมาก
1,เขาไม่ชอบลุงตู่
1,เขาไม่อยากเป็นทหาร
1,เขายังไม่ตาย
1,เขาตายแล้ว
1,เขามีผมยาว
1,เขามีผมสีขาว
1,เขาเล่นเกมกากกว่าพวกเรามาก
1,ทุกเย็น เขาชอบออกไปวิ่งเล่นกับหมาเสมอ
1,เขาชอบเข้าไปร้านเหล้า
1,เขาไม่ชอบเข้าเรียน
1,เขาไม่ชอบไปโรงเรียน
1,เขาชอบขี่รถเร็ว
1,เขาเอากับเธอ
1,เธอท้องกับเขา
1,เธอมีลูกกับเขา
1,เขาไม่หล่อแต่รวย
1,เขาไม่เก่งแต่หล่อ
1,เขากระโดดสูงมาก
1,เขาบินได้
1,อีกไม่นานแล้วเขาก็จะได้เป็นนายกของพวกเรา
1,เขาเรียกฉันว่าครู
1,ฉันเรียกเขาว่าผัว
1,เขายังไม่มีผัว
1,เขายังไม่มีเมีย
1,ทุกวันนี้เขาก็ยังไม่มีลูก
1,เขามีลูกสองคนแล้ว
1,เขารักในความยุติธรรม
1,เขาเป็นหลานลุงตู่
1,เขารักสันโดษ
1,เขาเป็นคนสันดานไม่ดี
1,เขาชอบบอกว่าเป็นคนดี
1,เขาเป็นคนเก่งแต่เราแม่งกาก
1,เขานั้นหล่ออย่าบอกใคร
1,ใครๆ ก็มองว่าเขานั้นไม่เก่งแต่หล่อ
1,เขารักในผู้คน
1,เขาชอบสาวน้อย
1,เขาเกลียดหมา แต่ชอบแมว
1,เขาเกลียดมด
1,เขากลัวแมงมุม
1,เขากลัวเสือ
1,เขาชอบควาย
1,ใกล้สิ้นเดือนแล้วเขาไม่มีเงินเลย
1,เขาชอบยืมเงินคนอื่นอยู่บ่อยๆ
1,เขารักทองรักเงิน
1,เขาชอบเล่นตูด
1,เขาไม่ค่อยกินเส้นกับฉันสักเท่าไหร่
1,เขาไม่ชอบกินข้าวคนเดียว
1,เขาไม่ชอบกินส้มตำ เพราะมันเผ็ด
1,วันนี้เขาตั้งใจจะมาซื้อเครื่องประดับให้ใครบางคน
1,พวกเขาต่อต้านการจับกุม เข้าสู้พวกทหารที่กลุ้มรุม
1,เขาปรารถนาจะกลายเป็นยอดฝีมือ
1,เขาคงชอบช่วยเหลือคนอื่นอยู่แล้ว
1,ที่บ้านของเขาทำนาไม่ได้เลยหลังจากที่มีน้ำท่วม
1,เมื่อคืนเขามาหาฉัน ตอนที่ฉันหลับ   
1,วันนี้เขาคงจะมาที่บ้านฉัน
1,ทั้งเขาและเธอต่างก็ตั้งใจเรียน
1,เพราะเขาเป็นคนเก่งจึงได้รับรางวัลมากมาย
1,เขาพยายามพายเรือลำเล็ก ๆ มาทางริมสระน้ำ โดยไม่รีบร้อนนัก
1,เขาเดินทางโดยรถยนต์
1,เขารับประทานอาหารจีนด้วยตะเกียบ
1,พ่อของเขาเป็นตำรวจ
1,พวกเขาเดินทางออกจากบ้านในตอนแปดโมงเช้า
1,เขากำลังเร่งทำงานวิชาภาษาอังกฤษที่อาจารย์สั่งมาเมื่อเช้า
1,เขาเหลือเวลาอาบน้ำแต่งตัวแค่ชั่วโมงเดียว
1,เขาหยุดยืนอยู่กลางร้านเพื่อกวาดสายตามองหาคนรู้จัก
1,ประยุทธ์แม้จะเป็นคนขรึม แต่เขาก็เป็นคนมีน้ำใจ
1,เขามักจะช่วยพี่น้องทำงานบ้านทั่วๆไป
1,พวกเขาแยกย้ายไปรับราชการตามหน่วยงานต่างๆ
1,เขาจึงเป็นที่รักของผองเพื่อนไปโดยปริยาย
1,เขาก้าวขึ้นเป็นผู้บัญชาการทหารบก
1,คนอย่างเขาไม่คู่ควรกับคนอย่างเรา
1,คนที่กำลังคุยอยู่เขาเปลี่ยนไป 
1,ฉันแอบชอบเขามาตั้งแต่สมัยเรียน ม. ปลาย
1,เขาเลี้ยงไก่ดำ
1,ฉันไม่ชอบเขาคนที่สูบบุหรี่ 
1,ฉันไม่รู้สึกอายเลยที่ยืนอยู่ข้างๆเขา 
1,เธอยังรอเขาจนถึงตอนนี้
1,ระหว่างที่รอเขา ให้ฉันนั่งข้างเธอจะได้ไหม
1,ฉันไม่ชอบเขาคนนั่นที่ มากับแฟนฉัน
1,เขาเคยเป็นแฟนฉันมา 9 ปี
1,เขาเป็นหมอที่เก่งมาก
1,หญิงสาวตัดสินใจเดินเข้าไปหาเขา
1,เขาอยากจะถามว่าข้ารู้สึกอย่างไร
1,ฉันด่าเขาว่าควาย
1,เขาชมว่าฉันสวย
1,เขาปีนไปอยู่บนที่สูง
1,เขาอยู่สูงจนฉันเอื่อมไม่ถึง
1,เขาปลูกถั่วงอก
1,เขาชอบชวนแฟนไปสวนสัตว์
1,เขาด่าฉันว่ากวาง
1,เขาชวนฉันไปล่าสัตว์
1,เขาเป็นคนเฉียบแหลมมาก
1,เขามีลูกสิบสองคน
1,เขาทำดินสอฉันหัก
1,เขาหัวโล้น
1,ฉันเสียใจเพราะไม่มีเขา
1,เขาเลี้ยงสัตว์ไว้มากมาย
1,เขากลัวช้างม้าวัวควาย
1,เขาเป็นคนรักป่าไม้
1,ฉันตามหาเขาในป่า
1,เขาราคาแพงไปฉันไม่ซื้อ
1,มนุษย์อย่างเขากับฉันก็เป็นสัตว์ประเภทหนึ่ง
1,เขาและฉันไปล่าสัตว์ในป่า
1,เขาเดินป่าโดนหนามแหลมทิ่ม
1,เขาไม่ชอบสัตว์และต้นไม้จึงเผาป่าจนเรียบ
1,เขาฝากฉันไปซื้อต้นไม้
1,เขามองดอกไม้หุบเข้าหุบออก
1,เขาชื่อภูนามสกุลหุบเป็นคนชอบต้นไม้
1,เขาจะไปไหน
1,เขาจะไปละหมาด
1,ของเขาคงไม่ขาด
1,เขาไปละหมาดทุกวันๆ
1,ที่วงไพ่เขาล้มเจ้ามือ
1,เขาทำเธอเจ็บช้ำจนใจสั่น
1,เขาทำกับเธอมันเกินไปไหม
1,เขายังคงเก็บไว้เหมือนเธอไม่เคยไปไหน
1,เลี้ยงส่งให้เธอกับเขาได้รักกันนานๆ
1,ที่ได้เห็นเธอกับเขารักกันขนาดนี้
1,เขามารถไฟ
1,เขาดูรถไฟ
1,เขาซื้อกะหรี่
1,เขาเลือกแกงกะหรี่
1,เขาสั่งแกงกะหรี่
1,นกของเขาไม่ขัน
1,มันจบแล้วเพราะเขาอยู่ที่สูงกว่า
1,ฉันกำลังฟังเพลงที่เขาชอบฟัง
1,หนังเรื่องนี้เป็นหนังเรื่องที่เขาชอบดู
1,ขอพลังจงสถิตกับเขา
1,ใช้ความรู้สึกของเจ้าแล้วเจ้าจะพบกับเขา
1,ฉันไม่รู้ว่าวชิรวิทย์เป็นใครแต่ฉันจะหาให้พบแล้วฆ่าเขาซะ
1,เขาสั่งป้าราดหน้าจาน
1,เขาเติมน้ำเกลือ
1,เขายืมนาฬิกาจากเพื่อนและแม่ของตัวเอง
1,เขาไม่รู้ด้วยซ้ำว่ากำลังแสดงกับใครอยู่ 
1,เราแค่อธิบายแบบคลุมเคลือว่าฉากนั้นเกิดอะไรขึ้นบ้างเพราะยากมากที่เขาจะปิดปากเงียบ
1,เขาว่ากันว่า เราไม่สามารถจุดไฟจากน้ำแข็งได้ แต่ชัชชาติทำมาแล้ว
1,เห็นหล่อดีหนูก็เลยชอบเขา
1,พ่อของเขาทำรัฐประหาร
1,เพื่อนของเขาไปเที่ยวฮาวาย
1,รุ่นพี่เขายืมนาฬิกาเพื่อน แล้วยังไม่ได้คืนซักที
1,เขาชวนชาวนาปลูกหมามุ่ย
1,เขาไม่ใช่เจ้าหน้าที่รัฐ แล้วเจ้าหน้าที่รัฐคือใคร
1,ครั้งหนึ่งเขาพูดว่าไอ้สัสกูขรรม
1,อย่าไปเอาความเป็นซ้ายจัดที่เขาไปเรียนมาแล้วดัดจริต ประเทศอื่นไม่มีนะครับที่จะมีแบบนี้ นี่คือเมืองสยามเมืองแห่งรอยยิ้ม เมืองที่เรามีระบอบประชาธิปไตยของเราแบบนี้
1,เขายอมรับ โซเชียลมีเดีย ถือเป็นอาวุธ ที่ร้ายแรงกว่าอาวุธใดๆที่กองทัพมีอยู่ หยุดได้แล้วครับกับการอ้างฝ่ายประชาธิปไตย เพราะว่าการเลือกตั้งครั้งนี้ ไม่ว่าใครก็ตามที่ได้คะแนนเสียงจะเป็นเท่าไหร่ก็ตาม ทุกคนเข้าสู้การเลือกตั้งแบบประชาธิปไตย ถ้าไม่เป็นประชาธิปไตยจะต้องไม่ลงแข่งขัดด้วยสิครับ ตั้งแต่วันแรก
1,เสียงประชาชนที่เป็นประชาธิปไตยจะเป็นเฉพาะเสียงที่พวกเขาได้ประโยชน์เท่านั้นหรอถึงเป็นประชาธิปไตย แล้วพี่น้องประชาชน 7.9 ล้านคน ที่เลือกพลังประชารัฐไม่มีสิทธิมีเสียงหรอครับ
1,ทางนั้นเองพร้อมมารับ แต่มีคำสั่งบางประการทำให้เขาไม่สะดวกที่จะมารับในเวลาดังกล่าว
1,เขาน่าจะสำรวมมากกว่านี้ตัวเองไม่ได้รับเลือกเป็น ส.ส. ด้วยซ้ำ แล้วยังจะเสนอตัวเป็นนายกรัฐมนตรีให้ได้
1,เขาเข้าเส้นชัยเป็นอันดับสองแต่จะขอเหรียญทอง แบบนี้ก็ได้เหรอคะ
1,เขาเริ่มจะเหนื่อยกับการหาประโยคที่เกี่ยวกับการเมืองแล้ว
1,เขาเริ่มคิดว่า ตัวเองจะคิดประโยคอีก 107 ประโยคอย่างไร
1,เขาเริ่มฟังเพลงและแต่งประโยคอีกครั้ง
1,เขาจะทำตามสัญญาของเวลาอีกไม่นาน
1,เขากลับมาเล่นการเมืองทั้ง ๆ ที่เลิกไปแล้ว
1,ผมพบกับเขามามากพอแล้ว
1,เขาจะแต่งประโยคทันไหม
1,เขาแต่งประโยคจะเสร็จแล้ว
1,เมื่อครบ 50 ประโยคแล้วเขาจึงไปแต่งประโยคอย่างอื่น
1,เพราะว่าเขาไม่รักฉัน แล้วจึงจากฉันไปอย่างไรเยื่อใย
1,แม่ของเขาเป็นคนจิตใจดี 
1,เขาจะไปงานแต่งงานคืนนี้
1,เขาไม่ชอบให้เธอตะคอกใส่
1,เขามีแฟนหลายคน
1,เขาชอบกินแซนวิช
1,เขาเป็นคนหล่อ
1,เขาหน้าตาดี ตั้งแต่ตอนเด็ก ๆ แล้ว
1,เมื่อเธอบอกว่าเธอจะมีเขาฉันก็ต้องไป
1,เขาใส่เสื้อสีแดง
1,เวลาออกไปข้างนอก เขาชอบพกร่มไปด้วยเสมอ
1,เขามีคอนโดเป็นของตัวเอง
1,เมื่อปีที่แล้ว เขาเคยโดนรถชน
1,เขาเป็นแฟนของฉัน ใครก็อย่ามายุ่ง
1,ปรีชาเป็นใคร ฉันไม่รู้จักเขา
1,ช่วงสงกรานต์นี้ เขาจะไปเที่ยวเชียงใหม่
1,พ่อของเขาเป็นคนสุโขทัย
1,เขาไปเที่ยวทะเลคนเดียว 3 วัน 2 คืน
1,เมื่อคืนนี้ เขาเมาเบียร์อย่างหนัก
1,ผมทำงานให้เขามาตั้งแต่เรียนจบ
1,เขาอยู่อังกฤษมานานหลายปี
1,ผมไม่อยากเจอเขา
1,เขาแต่งตัวดูดีมากๆ
1,เหมือนเขาจะงงๆนะ
1,เขาไปไหนไม่รู้
1,เขาหายตัวไปแล้ว
1,ตอนนี้เขากำลังเล่นเกมอยู่ในห้องเมเจอร์
1,เขาไปแข่งได้รางวัลที่หนึ่งมา
1,เขาเป็นเพื่อนของฉัน
1,เขาชอบยืมนาฬิกาจากเพื่อนๆ
1,เขาชอบปล่อยกู้
1,เขาไม่ยอมลงจากอำนาจ
1,เขามีนิสัยที่หงุดหงิด
1,เธอชอบเขามากกว่าเรา
1,ฉันจะพาเขาลอยไปในอวกาศ
1,เขาเป็นนักเดินทางที่เดินทางไปแล้วรอบโลก
1,เขาชอบเต้น
1,เขาเรียนอยู่ที่มหาวิทยาลัยเชียงใหม่
1,ตัวเขาอยู่ปีหนึ่ง ส่วนพี่ชายอยู่ปีสาม
1,เขาไม่เคยโกงการเลือกตั้ง
1,เขาอยู่พรรคพลังประชารัฐ
1,เขาเป็นแคนดิเดดนายก
1,เขาได้เงินมากๆ
1,เขาเหนื่อยมากๆ
1,ถึงเขาไม่ตั้งใจเรียน แต่ก็ได้คะแนนสอบเยอะกว่าเพื่อน ๆ 
1,วันๆฉันเห็นเขาเล่นแต่เกมส์
1,มีคนงอนเขา
1,เขาอยู่ต่างประเทศ
1,เขาเป็นคนขี้อ้อน
1,เขาไม่อยากเป็นแฟนของฉัน ฉันเลยต้องตัดใจ
1,เขากำลังทำทำข้าวเย็นให้พวกเรา
1,ตอนนี้มันเป็นที่ของเขาแล้วนะ
1,ฉันไม่แน่ใจว่าเขาจะอยู่บ้านตอนเย็นรึเปล่า
1,พวกเขาทั้งหลายต่างก็ทำหน้าที่ของตัวเองอย่างแข็งขัน
1,เขาหน้าเหมือนแม่
1,พวกเขาเป็นผู้เข้าร่วมการแข่งขัน
1,พรุ่งนี้เขามีสอบวิชาสุดท้าย
1,ฉันจะเป็นกำลังใจให้เขาค่ะ
1,ฉันก็ต้องไปจากเธอก็เพราะเธอมีเขา 
1,เขาเป็นคนสนิทของฉัน
1,คุณรู้ไหมว่าเขาคือใคร
1,ฉัน เธอและเขา ไม่รู้จักกันมากก่อน
1,เขาคนนั้นคือคนที่รอ
1,เธอกับเขาและรักของเรา
1,เขาเหนื่อยมั้ย ที่ต้องทนกับเธอ
1,เขาสอนไม่หยุด
1,เขาไม่มีทีท่าจะหยุดสอน
1,เขาบอกว่าวันนี้พอแค่นี้
1,เขาบอกว่าศุกร์หน้าไม่มีเรียน
1,เขาบอกวันอังคารยังเรียนนะจ๊ะ
1,เขาบอกมีงานกลุ่ม
1,เขาไม่คิดว่ากูจะไปเที่ยวกับครอบครัวหรอ
1,เขาสั่งงานช่วงสงกรานต์หรอ
1,เขาคิดจะทำอะไร
1,เขาบอกว่ากลุ่ม 3 คน
1,เขาบอกว่าพรีเซ้นวันที่ 26 
1,เขาบอกว่าจะแจ้งรายละเอียดในเพจ
1,เขาเห็นหมีอยู่ในป่า
1,หมีแอบเห็นเขา
1,หมีและเขามาเจอกัน
1,เขาตกใจหมีเลยแกล้งตาย
1,หมีตะครุบเขา
1,เขาตายเพราะหมี
1,หมีกินซากศพเขา
1,หมีตายเพราะพิษจากร่างกายเขา
1,เขานั่งมองเมย์
1,เมย์ชายตามองเขา
1,เมย์เห็นเขากินแตงโม
1,เมย์อยากกินแตงโมตามเขา
1,เมย์บอกเขาว่าให้แคะเม็ดแตงโมออกให้หน่อย
1,เมย์ขอบคุณเขา
1,เขาคนนั้นชื่อน้องมาร์ค
1,เมย์รักเขา
1,เขาชอบเฟมเพราะเฟมสวยมาก
1,เขาหิวข้าว
1,เขาสั่งก๋วยเตี๋ยวต้มยำ
1,เขาถามว่าข้นใสครับ
1,เขาตอบว่าคนอีสานครับ
1,เขาทำหน้างง
1,ถ้าไม่มีเขารักของเราจะยังคงเป็นไปได้ไหม
1,ถึงจะไม่มีเขาเราก็ไม่อาจจะรักกันได้นะ
1,ตราบใดที่เธอยังมีเขาอยู่ ฉันก็คงจะต้องไป
1,ไปเถอะเธอมีเขาคนที่ดีกว่าฉันรออยู่
1,ทำไมทั้งเขาและเธอต่างรักกันมากมายขนาดนั้น
1,ระหว่างเขากับฉันเธอจะเลือกใคร?
1,เธอชอบยิ้มเวลาที่อยู่กับเขา
1,อย่างทำให้เธอยิ้มได้เหมือนตอนที่เธออยู่กับเขา
1,เธอพูดถึงเขาทีไรหน้าของเธอดูมีความสุขทุกครั้ง
1,ฉันรู้ตัวดีว่าฉันไม่อาจจะไปเทียบเขาได้
1,เขาไม่รักเธอแล้วอย่างเสียใจไป
1,ถึงเขาจะทิ้งเธอไปแต่เธอก็ยังมีฉันอยู่นะไม่ต้องเสียใจไป
1,ในหัวใจของเธอว่างๆเสมอแต่ว่างสำหรับเขาไม่ได้ว่างสำหรับฉัน
1,เขาดีกว่าฉันตรงไหน
1,ธนาธรทำร้ายจิตใจเธอขนาดนี้ทำไม่เธอยังรักเขาอยู๋
1,ดูก็รู้ว่าเขาเข้ามาเพื่อหลอกเธอ
1,หากเธอเลือกเขาแล้วฉันก็พร้อมที่จะเดินจากไป
1,ฉันมันใจว่าความรักของฉันที่มีให้เธอนั้นไม่น้อยไปกว่าที่เขาให้เธอหรอก
1,เธอไปได้ดีกับเขาฉันก็ดีใจด้วย
1,หากเขาไม่รักเธอแล้วก็ยังมีฉันที่รักเธออยู่นะ
1,อยากทำให้เธอยิ้มได้เหมือนตอนที่เขาทำให้เธอยิ่มได้
1,ฉันรู้ตัวดีว่าฉันไม่อาจแทนทีเขาได้แต่ฉันก็พร้อมดูแลเธอ
1,เขาก็ดูแลเธอดีอยู่แล้วไม่ต้องมาสนใจฉันหรอก
1,ทำไม่เธอดีกับเขาเหลือกเกินแต่กับฉันเธอนะร้ายจัง
1,ถ้าฉันบอกรักเธอไปวันนี้บางทีคนทีอยู่ข้างเธอตอนนี้อาจจะเป็นฉันไม่ใช่เขา
1,เขาลืมเธอไปนานแล้ว
1,ไม่มีเขาเธอก็ไม่ตายหรอก
1,ตุ๊กตาตัวนั้นหากฉันเป็นคนให้เธอจะดูแลดีเหมือนเขาเป็นคนให้ไหม
1,ความทรงจำระหว่างฉันกับเธอมันน่าจำเหมือนความทรงจำระหว่างเธอกับเขาไหม
1,เขาซื้อไก่แต่ฉันซื้อเป็น
1,เขาไปกินก๋วยเตี๋ยวแต่ฉันจะไปกินข้าวหมูทอด
1,หัวใจเธอให้เขาไปหมดแล้ว
1,กินข้าวกับเราอร่อยเหมือนกินกับเขาไหม
1,เขาไม่น่าจะมาทันนัดนะ
1,เขาไปห้องน้ำนานจังเธอว่าไหม?
1,เขาผัดกระเพราให้เธอกินด้วย
1,ไปรับเขากันเถอะ!!
1,เอนกจะไปซื้อข้าวเราฝากเขาซื้อกันเถอะ
1,ฉันน่าจะบอกรักกนกก่อนที่เขาจะบอกรักสุภัชญา
1,เขาเดินไปไหนกันอ่ะ?
1,เธอไม่น่าไปกับเขาเลย
1,เธอรักเขาแต่ฉันรักเธอ
1,เขาถือน้ำแตงโมเดินอยู่ตรงหลังมอ
1,เขากับเธอไปเจอกันที่ไหน
1,เขาจะรับรักฉันไหม
1,เขาควรจะมากับเรานะ
1,พีททำเฟิร์นเสียใจมาตั้งหลายครั้ง ทำไหมเฟิร์นยังรักเขาอยู่
1,เขาดีกับฉันมากฉันควรทำไงดี?
1,ฉันจะไปหาเขาเธออย่ามาห้าม
1,หิวข้าวชวนเขาไปกินข้าวกันเถอะ
1,เขาถามใหม่ว่าตกลงจะข้นหรือใสครับ
1,เขาเลยอ๋อแล้วตอบว่าน้ำข้นครับ
1,เขากำลังพิมพ์งานอยู่หน้าคอม
1,เขาเขียนโค้ดส่งอาจารย์วันพรุ่งนี้
1,เขาทำตัวน่าสงสัย
1,เขาฝากถุงข้าวสารให้ฉัน
1,เขาน่ารักจังเลย
1,ออมสิน เขาเป็นคนหัวหยอย
2,คุณลุงแถวบ้านชอบขึ้นเขาไปเก็บเห็ด
2,Mountain แปลว่าเขา
2,เมื่อวานฉันไปเที่ยวเขากับแฝน
2,ชัตชาติยกเขาสองลูกโยนเล่น
2,โทริโกะโยนเขาสามลูกเด้งไปบนน้ำ
2,เอามันไปฝังในเขาลึก
2,เอามันโยนลงมาจากเขา
2,บนเขามีบ้านสวยงาม
2,บนเขามีต้นไม้เยอะแยะ
2,บนเขาหัวโล้นมีบ้านพักตุลาการ
2,เขาลูกนั้นมีเหี้ยไปทำรังเยอะ
2,เหี้ยชอบไปทำรังบนเขาที่หนาวเย็น
2,เหี้ยชอบเผาป่าเขาเพื่อเพาะปลูก
2,ทำไมยอดเขาถึงมีไฟ
2,มีคนจุดไฟบนเขาลูกนั้น
2,จะจุดไฟบนเขาทำไม
2,จุดไฟบนเขาหาป้าเธอหรอ
2,ไปเผาป่าบ้านเธอนู่นไม่ใช่บนเขา
2,ป่าไม้บนเขาเป็นสิ่งที่ต้องรักษา
2,ไม่ควรสร้างบ้านอยู่บนเขา
2,เขตพื้นที่เขามีไว้ปลูกต้นไม้
2,ป่าเขานั้นไม่ได้มีไว้ปลูกบ้านพัก
2,อย่าปลูกบ้านพักบนเขา
2,เธอเป็นอะไรทำไมต้องไปสร้างบ้านบนเขา
2,เขาไม่ใช่ของนายทุน ที่จะมายึดครองเป็นของตัวเอง
2,เห็ดถอบบนเขานั้นไม่ได้งอกเพราะการเผาป่า
2,ควันไฟจากเขาด้านนู้น ทำให้ฉันใกล้ตาย
2,ทุกคนใกล้ตายเพราะควันที่พัดมาจากเขา
2,ขึ้นเขากันเถอะ
2,ขุนเขาที่กว้างใหญ่แบกความฝันไว้เต็มบ่าต่อให้กายอ่อนล้าก็จะคลานขึ้นไป
2,ฉันอยากเห็นอีกฝากของเนินเขาลูกนั้นเธอพูดพร้อมกับส่งยิ้มให้ผม
2,น้ำแร่สะอาดจากยอดเขาเอเวอร์เรส
2,เขาที่ขึ้นชื่อในญี่ปุ่นคือฟูจิ
2,รักฉันเท่าเทือกเขาตะนาวศรี
2,บทยอดเขามีดอกกุหลาบน้ำแข็งอยู่
2,เขาขุนน้ำนางนอนเป็นที่ไม่ควรเข้าไป
2,เขาที่สูงที่สุดในประเทศไทยอยู่ที่ใด
2,ไปปืนเขากันไหม
2,10 สุดยอดเขาของเมืองไทยแห่งปีที่เหล่านักล่องไพรไม่ควรพลาด
2,เมื่อปีที่แล้วฉันไปเที่ยวหมู่บ้านชาวเขามา
2,yama เป็นภาษาญี่ปุ่นแปลว่าเขา
2,เจ้าของสถิติเขาที่สูงที่สุดในประเทศไทยคือที่ใด
2,ที่ใดเป็นส่วนหนึ่งของทิวเขาถนนธงชัย
2,เทือกเขาหิมาลัยทอดยาวพาดผ่านพื้นที่ของ 5 ประเทศ
2,พื้นที่บนเขาสูงจะมีอากาศเย็นตลอดปี
2,ระหว่างประเทศไทยและประเทศลาวมีเทือกเขาสลับซับซ้อนกั้นอยู่
2,ทางขึ้นเขาบางส่วนค่อนข้างลำบาก
2,บ้านเกิดฉันเป็นพื้นที่ที่เป็นเขาสลับซับซ้อน
2,ในหุบเขามีสมบัติซ่อนอยู่
2,หมู่บ้านชาวไทยเผ่าม้งตั้งอยู่บนเขา
2,บางเขาสูงที่มีที่ราบอยู่ด้านบน
2,เนื่องจากเป็นยอดเขาสูงจึงมีอากาศหนาวเย็นตลอดปี
2,แหล่งท่องเที่ยวแห่งใดที่เป็นเขาหินปูนกลางเขื่อน และมีสมญานามว่า “กุ้ยหลินเมืองไทย”
2,ทาเทยาม่า อยู่ในกลุ่มเทือกเขาแอลป์แห่งประเทศญี่ปุ่น
2,ด้วยความอุดมสมบูรณ์บนเขาทำให้มีการขึ้นทะเบียนเป็นสมบัติของชาติ
2,ที่นี้เป็นหมู่บ้านที่นับถือเขาฮะคุซังแห่งนี้
2,ฟูจิเป็นเขาที่กินพื้นที่ในจังหวัดชิซึโอกะและจังหวัดยามานาชิในปัจจุบัน
2,"เขาเทียนจื่อตั้งอยู่ที่มณฑลหูหนาน(Hunan)มีจุดสูงสุดที่ 1,262 เมตรจากระดับน้ำทะเล"
2,วันหยุดยาวไม่รู้จะไปเที่ยวไหน แนะนำให้ไปเดินเขาสูงๆ
2,เขาจันทร์แดงตั้งอยู่ริมถนนเพชรเกษม
2,ภาวะโลกร้อนส่งผลให้ธารน้ำแข็งแถบยอดเขาเอเวอเรสต์ละลายลง
2,มองหาร้านอาหารดี ๆ บรรยากาศวิวเขากันอยู่ใช่ไหม
2,โรงแรมในนครราชสีมาซึ่งอยู่ใกล้อุทยานแห่งชาติเขาใหญ่
2,เขตรักษาพันธุ์สัตว์ป่าเขาอ่างฤๅไนพบวัวแดงในพื้นที่หลายจุด
2,ขอต้อนรับท่านเข้าสู่เขาใหญ่แฟนตาซี รีสอร์ท
2,ดินแดนแห่งความสุข สนุกสนาน ท่ามกลางขุนเขาและสายหมอก
2,เขาโมอิวะล้อมรอบด้วยป่าบริสุทธิ์โมอิวะ
2,อาสาดับไฟป่าพลัดตกเขาดับสลด
2,มีหมอกฟุ้งเต็มยอดเขา
2,เสียงไม้ไผ่ระเบิดดั่งกึกก้องไปทั้งเขา
2,เผยให้เห็นศพนักปีนเขาซึ่งเสียชีวิตที่นี้จำนวนมาก
2,เอาใจนักท่องเที่ยวสายลุย มาพิชิต ปีนเขาล้อมหมวก
2,โอบล้อมด้วยทิวเขาเขียวชะอุ่ม
2,รีสอร์ทที่โอบล้อมไปด้วยทิวเขาและแมกไม้อันร่มรื่นแห่งนี้มีสีสันในทุกฤดู
2,ไปทำการสำรวจและจัดตั้งพื้นที่บริเวณป่าเหนือเขื่อนเขาแหลม
2,การพักผ่อนอันแสนสงบบนยอดเขาโคยะซัง
2,ชายบ้าดีเดือดปีนเดี่ยวเขาสูงที่สองของโลกหลังทะเลาะกับเพื่อน
2,เปอร์เซ็นต์ของผู้เสียชีวิตที่เดินทางเหนือระดับเบสแคมป์ของเทือกเขาหิมาลัยฝั่งเนปาลเป็นเท่าใด
2,เมื่อปล่อยหินบนเขาสูง หินจะร่วงลงถึงพื้นเร็วกว่าที่ราบ
2,ยอดเขาคิลิมันจาโร ตั้งอยู่ในเขตประเทศเเทนซาเนียใกล้พรมแดนประเทศเคนยา
2,งดจัดงานสังสรรค์บนเขาใหญ่ทุกรูปแบบ
2,อุทยานแห่งชาติเขาแหลม มีพื้นที่ครอบคลุมท้องที่อำเภอสังขละบุรีและอำเภอทองผาภูมิ
2,บ้านพักสไตล์ไทย - บาหลีบนเนินเขาแผงม้า
2,เมืองใดมีภูมิประเทศเป็นเขาแทบทั้งหมดครับ
2,มีรายงานการศึกษาการหาความสูงของเขาและความลึกของหลุมบนดวงจันทร์
2,ไฟป่าลุกไหม้บนเขาสูงด้านหลังวัดสมอโพรง
2,เนินเขา หมายถึง พื้นที่ที่มีระดับสูงขึ้นจากบริเวณรอบๆ
2,นี่เป็นภาพถ่ายของเนินเขาและอนุสาวรีย์เกลเลิร์ท
2,ปิคอัพไหลจากเนินเขา กระแทกรถเก๋งจอดข้างถนน
2,โรงแรมนี้มีจุดเด่นที่ตั้งอยู่บนเนินเขา
2,เนินเขาแห่งพระพุทธเจ้า ถือเป็นสถานที่ท่องเที่ยวแห่งใหม่ของเมืองซัปโปโร
2,ไม่ค่อยมีใครอยากเสียพลังงานไปกับการเดินขึ้นเขาที่อยู่ระหว่างทาง
2,สำหรับเส้นทางลาดชัน ขึ้นเขาหรือขึ้นเนิน ต้องใช้ตำแหน่งเกียร์ที่เหมาะสม
2,ที่ราบเชิงเขาสีเขียวขจีที่ซึ่งเกิดขึ้นด้วยความตั้งใจของคุณเปิ้ล
2,ตรึงพื้นที่เชิงเขาหลังเกิดปะทะกับกลุ่มชายต้องสงสัยในพื้นที่อำเภอรือเสาะ
2,จีนสั่งรื้อคฤหาสน์หรูบริเวณเขาฉินหลิ่ง
2,มีคนในหมู่บ้านนี้ที่ทํางานที่แถวตีนเขาหรือไม่
2,โมนูเมนต์เป็นชื่อหุบเขามีที่มาจากแท่งหินค้ำขนาดมหึมา ซึ่งกระจัดกระจายอยู่บนที่ราบไม้พุ่มอันแห้งแล้ง
2,หุบเขาแห่งนี้มีสถานที่ท่องเที่ยวที่สวยงาม 5 แห่ง
2,แสงไฟจากหุบเขาอะเซเลียในสวนมิฟุเนะยามะนั้นสาดสองอย่างเป็นอิสระ
2,จงมองไปทางตะวันตกของเขาทาโบร์
2,โรงแรมในหัวหินซึ่งอยู่ใกล้หาดเขาตะเกียบ
2,ยังรู้สึกกลัวการปีนเขาอยู่ดี
2,ลมพายุหนาวเหน็บบนยอดเขาพัดด้วยกำลังแรงเป็นเวลานานเกือบ 1 เดือน
2,เป็นทิวเขาที่กั้นเขตแดนระหว่างไทยกับกัมพูชา
2,เขาลูกนั้นดูสูงมาก
2,ทิวเขาโดโลไมท์แห่งนี้ตั้งอยู่ไม่ไกลจากเมืองเวนิส
2,เป้าหมายเพื่อลดความงุนงงสับสนเกี่ยวกับความสูงที่แท้จริงของเขาแห่งนี้
2,เอกลักษณ์โดดเด่นของที่นี่ก็คือยอดเขาที่ปกคลุมไปด้วยหิมะ
2,ฉันผจญภัยในเขาที่กว้างใหญ่ แบกความฝันไว้บนบ่า
2,พวกมันจะใช้เวลาส่วนหญ่ในการออกหากินไปตามที่ลาดของเขา
2,"เกาะปีศาจมียอดเขามีความสูง 3,281 ฟุต อยู่บริเวณเมืองเคป"
2,ภายในอุทยานมีทั้งป่าเขาในแบบต่าง ๆ
2,สถานที่แห่งนี้มีหมีแพนด้า เขาหินปูน น้ำตก พร้อมทั้งบ่อน้ำพุร้อน
2,"อุทยานธรณีวิทยา จางเย่ ตันเซี๋ย หรือเจ้าของฉายา ""หุบเขาสายรุ้ง"""
2,ลักษณะของเขาลูกนั้นมีสีสันสวยงามแปลกตาที่เกิดจากหินทรายถูกชะล้างด้วยน้ำฝนและลม
2,เขาหวงซาน หรือมีชื่อเรียกอีกอย่างว่า Yellow Mountain
2,ทางตอนใต้ของมณฑลอันฮุย (Anhui)มีแนวเทือกเขาที่ทอดตัวยาวสุดลูกหูลูกตาอยู่
2,มีโขดหินรูปทรงคล้ายกับเสาหินสูงตั้งอยู่ในเทือกเขาอย่างโดดเด่น
2,รูปปั้นควายป็นเอกลักษณ์ที่สำคัญของเขาแห่งนี้
2,Maijishan เป็นเขาหินปูนสีแดงตั้งอยู่อย่างโดดเดี่ยวท่ามกลางป่าไม้สีเขียว
2,เอกลักษณ์ของเขาแห่งนี้ก็คือมีถ้ำอยู่ภายในมากมาย
2,หุบเขาเทียนเหมิน เป็นหนึ่งในสถานที่ที่มีชื่อเสียงที่สุดในโลก
2,ภายในเขตของเขาแห่งนี้ประกอบไปด้วยสิ่งที่น่าสนใจมากมาย
2,ที่นี้คือทางเดินสุดหวาดเสียวที่สร้างขึ้นริมเขาสูงชัน
2,เราจะทำการสำรวจเชิงเขาตรงนั้น
2,อีทานบอกกับนาบีว่าที่นี้เป็นเชิงเขาที่แปลกประหลาดดี
2,เทือกเขาหิมาลัยมียอดที่สูงที่สุดในโลก
2,นักปีนเขาจบชีวิตลงที่นี่รวมกันมากกว่า 200 รายแล้ว
2,ข้าคือผู้พิชิตยอดเขาที่สูงที่สุดในโลก
2,The Matterhorn เป็นหนึ่งในยอดเขาที่อันตรายมาก
2,เขาต้องคำสาปเป็นหนึ่งในสถานที่ที่เอาชีวิตรอดยากที่สุดก็ว่าได้
2,นายเคยอ่านนิยายเรื่องหุบเขากินคนไหม
2,Nanga Parbat เป็นยอดเขาหนึ่งที่สูงเป็นอันดับ 9 ของโลก
2,สถานที่แห่งนี้เรียกได้ว่าเป็นเขาแห่งความโหดร้ายทารุณ
2,Stowe เป็นหมู่บ้านอายุกว่า 200 ปี ที่ตั้งอยู่บนยอดเขาสูงสุดของรัฐ Mount Mansfield
2,Vail เป็นหนึ่งในเมืองบนเขาที่สวยจนทำให้คุณแทบหยุดหายใจ
2,บ้านฉันอยู่ทางตะวันออกเฉียงเหนือของ Taos ในเทือกเขา Sangre de Cristo
2,เขาลูกนี้มีรูปร่างคล้ายกรวย
2,Mount Meru อยู่ห่างจากเขาคีรีมานจาโรที่สูงที่สุดของทวีปอัฟริกา 65 กม.
2,จุดสูงสุดของเขาลูกนี้สูง 6549 เมตร
2,เขานี้มีความสูงจากระดับน้ำทะเลอยู่ 56451 เมตร
2,Machapuchare มีความหมายว่า ปลาสีดำ มีความสูง 7000 เมตร ตั้งอยู่บนเทือกเขาหิมาลัย
2,ยอดเขาที่สูงที่สุดในประเทศออสเตรียมีความสูง 3798 เมตร
2,มนุษย์สามารถพิชิตยอดเขานี้ได้ครั้งแรกในปี 1800
2,ยอดเขานี้สูงเกือบ 3000 เมตรซึ่งอยู่ใกล้ๆ Paterno
2,K2 เป็นเขาที่สูงที่สุดเป็นอันดับที่ 2 ของโลก มีความสูง 8611 เมตร จากระดับน้ำทะเล
2,Alpamayo เป็นเขาที่มีเอกลักษณ์ที่น่าสนใจคือมันมีทรงเป็นสี่เหลี่ยมคางหมู
2,ฉันอยากเห็นอีกฝากของเนินเขา เธอบอกกับผมอย่างงั้น
2,พรุ่งนี้ว่าง ๆ ไปขึ้นเขาเล่นกันไหม
2,ขึ้นเขาลงเรือไปเหนือล่องใต้
2,ไอ้พวกคนหลังเขา
2,จะรอเธออยู่บนเขานะ
2,ครั้งหนึ่ง ณ เนินเขาลูกใหญ่ มีแมวน้อยกำเนินขึ้นมา
2,รอฉันที่เขาลูกนั้น
2,เขาลูกนั้นน่ากลัวมาก
2,บ้านในป่าเขาลำเนาไพร
2,เขาถล่ม คนตายเป็นสิบ
2,ลุงตู้ไปปีนเขา
2,บนเขามีต้นไม้มากมาย
2,ฝุ่นเยอะมากจนมองไม่เห็นเขาเลย
2,อุทยานแห่งชาติเขาแหลมหญ้าเป็นสถานที่ท่องเที่ยว
2,สุรสังค์จูงมือแฟนเดินขึ้นยอดเขา
2,มีการระเบิดเขาที่จังหวัดเชียงใหม่
2,ขบวนการค้าไม้ที่ถูกตำรวจจับ อ้างกับตำรวจว่าขึ้นไปเก็บเห็ดบนเขาเฉยๆ 
2,มีไฟไหม้บนเขาหลายจุดจนเจ้าหน้าที่ต้องเข้าไปทำงานดับเพลิง
2,ชาวบ้านแจ้งว่ามีแพะติดอยู่บนเขา 
2,ตำรวจตามจับแพะเพราะแพะไปเผาป่าบนเขาที่เจ้าหน้าที่กำลังดับเพลิงอยู่พอดี
2,เราจะเดินขึ้นสันเขานั้นให้ได้
2,นกบินไม่ดูตาม้าตาเรือชนสันเขาร่วง
2,แกะหลุดออกจากฟาร์มไปอยู่บนเขา
2,ตำนานได้กล่าวไว้ว่า ชัชชาติทำลายเขาได้ด้วยมือเปล่า
2,แมวบอกว่าจะไปพิชิตยอดเขาหิมาลัย
2,กาวบอกว่าจะขึ้นไปเล่นว่าวบนยอดเขา
2,สมอรจะไปตั้งแคมป์กับเพื่อนๆบนเขา
2,ที่เชียงใหม่ไม่มีหิมะตกบนเขา
2,สรษรีเพิ่งรู้ว่าก็มีเขาติดกับทะเลเหมือนกัน
2,"อูตูลูสงสัยว่าสถานที่ท่องเที่ยวหน้ามช.ถึงเรียกว่า ""ดอย"" แต่ไม่เรียกว่า ""เขา"""
2,ปูต้อมด่าอูตูลูว่า ปัดโถ่ จะสงสัยอะไรนักหนา บอกว่าดอยก็ดอยสิ ถ้าจะไม่รักภาษาเหนือแล้วใช้คำว่าเขาก็ออกไปจากประเทศไทยไปบัดเดี๋ยวนี้เลยนะ
2,โบราณไม่ได้กล่าวไว้หรอกว่า ยอดเขาเอเวอร์เรสต์เป็นสถานที่ที่สูงที่สุดในโลก แต่เป็นปัจจุบันต่างหากที่กล่าว
2,ป๋อม มีนาฬิกาเยอะมากเกินไปจนไม่รู้จะเอาไปอวดที่ไหน เลยขึ้นไปอวดบนยอดเขาที่สูงที่สุดในโลกอย่างเอเวอร์เรสต์ซะเลย
2,ทำไมตำรวจถึงมาตั้งด่านตรวจหมวกกันน็อคบนเขาอย่างนี้ได้กันล่ะเนี่ย
2,นับวันฝุ่นยิ่งเยอะขึ้นเรื่อยๆ อย่าว่าแต่บังยอดเขาเลย ตอนนี้มือตัวเองก็จะมองไม่เห็นอยู่แล้ว
2,สมชาติเดินทางไปจับโปเกม่อนที่หายากที่สุดที่เขาลูกนู้น
2,ไม่เสียแรงจริงๆที่ลำบากขึ้นเขามาขนาดนี้ น้ำตกนี้สวยมากจริงๆ
2,สมรเสียใจที่กินข้าวเหลือ1เม็ดจนอยากหนีไปร้องให้อยู่ในป่าเขาที่ไม่มีใครหาเธอเจอ
2,แอนดรูวชวนเพื่อนไปกินหมูปิ้งตรงสันเขา
2,ฟองดรูวเหนื่อยหอบนอนแอ้งแม้งหมดแรงอยู่ตรงตีนเขา
2,สมปองท้าสมรให้แข่งกันเดินขึ้นยอดเขา แต่สมรบอกไม่แข่งอะเหนื่อย
2,ลุงสมยอมอนุมัติให้สร้างบ้านในป่าสงวนบนเขาใหญ่
2,สมศรีตั้งใจจะเปิดร้านสะดวกซื้อบนยอดเขาที่สูงชัน เพราะเห็นว่าจะไม่มีคู่แข่งทางการค้า
2,ทางรัฐได้สั่งระเบิดเขาเพื่อสร้างทางรถไฟไปยังประเทศจีน
2,ทางตรงคือทางที่ดีที่สุด สมรจึงกลิ้งลงเขาเพื่อกลับบ้าน
2,ลุงปอนเดินทางขึ้นยอดเขาเพื่อทำสถิติร้านหมูปิ้งที่อยู่สูงที่สุดในประเทศไทย
2,ป้าแดงทะเลาะกับป้าเขียวอยู่ตรงสันเขาโน่นน่ะ
2,น้ำจิ้มตรา250แม่ครัวนี่ล่ะ เหมาะที่สุดนี่จะมาใช้เป็นน้ำจิ้มสุกี้กินหมูจุ่มบนยอดเขาที่สุดแล้ว
2,แม็กก็คิดนะว่า อยู่บ้านเฉยๆก็ดีอยู่แล้ว จะไปพยาบามปีนเขาให้เหนื่อยกันทำไม
2,ธนาคารกรุงไรเล็งเห็นว่าปีใหม่จะมีคนไปเที่ยวตามเขาเยอะ จึงไปเปิดสาขาเพิ่มข้างๆหมูปิ้งลุงปอน
2,สมรคลุมเครือว่า ร้านต่างๆจะไปเปิดบนเขากันทำไมนักหนา
2,ลุงดีตกเขาลงไปแล้วเจอกับคัมภีร์จอมยุทธอยู่ในซอกเหวลึก จึงฝึกตนแล้วปีนกลับขึ้นมาข้างบนได้
2,หุบเขาแห่งนี้ เป็นสถานที่ที่ไม่เคยมีใครพบเจอมาก่อน
2,แบทแมนเย้ยอควาแมนว่า ใต้น้ำมีเขาเขียว ๆ สวย ๆอย่างนี้รึเปล่าล่ะ ว้ายๆๆ
2,อจก. สงสัยว่า ประโยคเกี่ยวกับเขาหลาย ๆ ลูกเหล่านี้ เด็กๆใช้อะไรคิดกันแน่
2,มีคนทิ้งถุงยางบนยอดเขาเพื่อเป็นสัญลักษณ์ของคำว่าจุดสุดยอด
2,อยู่บนเขาสูงแค่ไหนก็คว้าดวงดาวนั้นมาไม่ได้
2,เด็กแว๊นตระหนักว่าแว๊นบนถนนมันเดือนร้อนคนอื่น เลยหันไปแว๊นในป่าเขาแทน
2,คู่รักคู่หนึ่งถูกจับได้ว่าไปทำอนาจารกันบนเขา
2,เขาเป็นลักษณะของพื้นโลกที่มีความสูงกว่าพื้นที่บริเวณโดยรอบ มีลักษณะภูมิประเทศที่มีความสูงตั้งแต่ 600 เมตรขึ้นไปจากพื้นที่บริเวณรอบ
2,วันนี้วันเสาร์ อยากปีนเขากับเพื่อน
2,เทือกเขาตะนาวศรีเป็นแนวพื้นที่ที่เกิดจากการยกตัวทอดตัวเป็นแนวยาวตั้งแต่ภาคกลางไปจนถึงภาคใต้
2,ในระบบปฎิบัติการวินโดวเอ็กซ์พีจะมีภาพเนินเขาที่ทีมีหญ้าสีเขียวปกคลุมเป็เอกลักษณ์
2,เธอวิ่งขึ้นไปบนเขาลูกที่สาม
2,ในภาพยนต์ขุนพันธ์สองมีฉากในตำนานอย่างฉากปิ้งไก่อีกทั้งซีนระเบิดเขาเผากระท่อม
2,มาแข่งกันเข็นครกขึ้นเขากันเถอะ
2,มีของฝากกองอยู่เป็นเขาเลากา
2,มีอาจารย์สำนักวิชาลับในหุบเขาต้นชาเขียว
2,มีซากคนตายมากมายบนเขาที่เป็นสนามรบ
2,มีชายที่ได้ชื่อว่าปีศาจหลับไหลยุที่เขาแห่งหนาม
2,นี่หรอเขาแห่งหมอกที่ล่ำลือ
2,ว่ากันว่าคนที่กลับออกมาจากหุบเขาแห่งการเวลาจะเด็กลง
2,เพราะการโจมตีจากที่นั้นทำฝ่ายเราชนะจึงตั้งชื่อว่าหุบเขาแห่งชัยชนะ
2,ไม่เคยมีใครรอดกลับมาจากหุบเขาแห่งหนามได้
2,ตึกนี้สูงเป็น2เท่าของเขาลูกนั้นได้
2,เพราะมีเขาลูกนี้อยู่ศัตรูเลยเข้าเมืองมาไม่ได้
2,เขาลูกนี้ปลูกอะไรก็ไม่ขึ้นเพราะโดนตัดต้นไม้
2,ถนนที่ผ่านเขาลูกนี้กำลังปรับปรุงอยู่
2,เขาลูกนี้ไม่สามารถเอารถขึ้นได้
2,ว่ากันว่ามีโจรกบดานบนเขาลูกนั้น
2,เขานี้สูงจนมองไม่เห็นยอดเลย
2,ปลาคราฟตัวใดก็ตามที่ว่ายทวนน้ำถึงยอดเขาคือยอดปลาคราฟ
2,เขาลูกนี้มีดอกไม้ที่รักษาโรคกลัวความสูงได้
2,ท่านคือชายที่พิชิตทุกยอดเขามาแล้ว
2,มีสิ่งมีชีวิตอยู่ใต้หุบเขาน้ำแข็งนั้น
2,เขาลูกนั้นมีวิวที่สวยที่สุดในแถวนี้เลย
2,มีสมบัติหลับไหลใต้หุบเขานี้
2,เพราะความชื้นสูงจึงมีมอสขึ้นเยอะตามเขา
2,การขึ้นเขาลูกนี้เป็นเรื่องต้องห้าม
2,บ้านหลังเขาก็ไม่เลวนะ
2,สัตว์ที่อยู่ตามเขาจะแตกต่างจากที่อื่น
2,ป่าและเขาเป็นทรัพยากรธรรมชาติที่สวยงาม
2,ยอดเขาที่สูงที่สุดอยู่ต่างประเทศ
2,ทิวเขาของที่นี่ยาวมาก
2,ในภาคเหนือมีปัญหาเกี่ยวกับเขาหัวล้าน
2,มีหลายประเทศที่มีเขาสลับซับซ้อน
2,สวนสัตว์เขาเขียวเป็นสวนสัตว์ที่ใหญ่ที่สุดในประเทศไทย
2,เขาชนไก่เป็นสถานที่ฝึกทหาร
2,ฉันเคยไปเที่ยวที่เขาค้อ
2,เธอไปอยู่หลังเขามาหรือไง
2,พวกลิงมักจะอยู่ในเขา
2,จากไฟป่าเมื่อวานทำให้ป่าบนเขาเสียหาย
2,จังหวัดของฟ้าล้อมรอบไปด้วยเขาน้อยใหญ่
2,ฉันอยากไปเที่ยวเทือกเขาร็อกกี้
2,บนเขามีสัตว์มากมาย
2,เรามักจะเจอน้ำตกบริเวณสันเขา
2,ระวังบริเวณนี้เป็นหุบเขาลึก
2,เราชอบไปตั้งแคมป์บนเขา
2,ฉันชอบที่นี้เพราะเป็นแนวเขาเรียงยาวสวยงาม
2,ต้นสนมักจะอยู่บนเขา
2,อยากดูทะเลหมอกต้องไปดูที่เขาสูง
2,ภูกระดึงเป็นทิวเขาขึ้นชื่อของประเทศ
2,ยามว่างฉันชอบไปปีนเขากับเพื่อน
2,กระเช้าลอยฟ้าเป็นภาหนะที่เชื่อมระหว่างเขา
2,ฉันชอบกินกาแฟตราเขาช่อง
2,เขาช่องกาแฟไทยอร่อยดีมีประโยชน์
2,เขาลูกนั้นใหญ่จัง
2,เราอยากไปเที่ยวเขาดิน
2,ต่างประเทศมีทั้งเขาน้อยใหญ่สวยงามมาก
2,เทวดาต่างพากันมาที่เขาพระสุเมรุ
2,บนยอดเขาพระสุเมรุ คือสวรรค์ชั้นดาวดึงส์
2,บนเขามีน้ำตกสวยมาก
2,น้ำป่าไหลหลากเกิดจากเขาหัวล้าน
2,เขาเต็มไปด้วยแมลงและสัตว์อันตราย
2,เขาสูงใหญ่ที่ตั้งอยู่ตรงนั้นมีหิมะปกคลุม
2,พระอินนทร์อยู่ที่เขาพระสุเมรุ
2,มีฤาษีแสดงอิทธิฤทธิ์อยู่บนเขา
2,ฉันต้องไปเข้าค่ายที่เขาชนไก่
2,น้ำที่ไหลมานี้มาจากเทือกเขาแอลป์
2,เมื่อเช้ามีหมอกเยอะมากจนแทบไม่เห็นเขา
2,นักปีนเขาตกลงมาจากหน้าผา
2,บนยอดดอยมีวิวทิวทัศน์ของเขา
2,ทิวเขาบนยอดดอยนั้นสวยมาก
2,แม่ของเสือดำตัวน้อยโดนไฟเผาตายจากไฟป่าบนเขา
2,แม่ไม่ชอบไปเที่ยวเขาเพราะมีแมลงเยอะ
2,มีวัดที่สวยมากอยู่บนเขา
2,พวกเราได้ไปทำงานบนเขา
2,ยอดเขาอากาศหนาวมาก
2,บนเขาไม่มีสัญญาณโทรศัพท์เลย
2,เราอยู่หลังเทือกเขานี้เลยไม่มีฝนตกเลย
2,ฉันมีบ้านอยู่บนเขา
2,ฉันเดินทางผ่านหุบเขา
2,จอมยุทธ์ฝึกวิชาอยู่บนเขาเหลียงซาน
2,แดงพลัดตกจากเขา
2,ฉันเห็นกวางทองอยู่บนเขา
2,ฉันมองดูวิวจากหน้าต่างโรงแรมที่เป็นเขาที่ปกคลุมด้วยหิมะ
2,ภาพเขาน้ำแข็งสีขาวตัดกับท้องฟ้าสีน้ำเงิน
2,น้าทีปลูกชาบนเขา
2,น้าอ้อยปลูกเกาลัดบนเขาหลังบ้าน
2,ฉันไม่ชอบเขาแต่ชอบทะเล
2,ฉันชอบเดินขึ้นเขา
2,นักวิ่งต้องวิ่งไปตามไหล่เขา
2,หมีวิ่งหนีจากเขาที่กำลังจะถล่ม
2,กะเหรี่ยงตั้งถิ่นฐานอยู่บนเขา
2,เธอชอบไปเที่ยวเขาตอนหน้าร้อน
2,ฤดูหนาวหมอกลงจนไม่เห็นเขาหลังบ้าน
2,ยอดเขาเอเวอร์เรสสูงที่สุดในโลก
2,ภาคเหนือเรียกเขาว่าดอย
2,ลูกเสือหลงทางอยู่ในป่าบนเขาที่อันตราย
2,มีสัตว์มากมายอยู่บนเขาที่เห็นอยู่ทางนั้น
2,ต้นน้ำอยู่บนเขา
2,คนเผาป่าอยู่บนภูเขา
2,หมีดำอาศัยอยู่ในป่าใหญ่บนเขา
2,เขาลูกนั้นถูกวางระเบิด
2,นักท่องเที่ยวชอบปีนเขา
2,ฉันชอบขับรถขึ้นเขา
2,บนเขาอากาศเย็น
2,บ้านตุลาการอยู่บนเขา
2,เทือกเขาหิมาลัยสูงที่สุด
2,บนเขามีเหมืองแร่
2,อบไปเที่ยวภูเขาในฤดูหนาว
2,พระธาตุดอยสุเทพอยู่บนเขา
2,วิศวกรโยธาสร้างถนนตัดผ่านเขา
2,หน่อยขึ้นเขาไปดูดาว
2,ทหารปลูกต้นไม้ทดแทนบนเขาหัวโล้น
2,ชาวไทยหลายชนเผ่าอาศัยอยู่บนเขา
2,แถวภาคเหนือมีเขาอยู่มากกมายให้นักท่องเที่ยวเยี่ยมชม
2,เขาเกิดจากการดันตัวของเปลือกโลก
2,วิศวกรต้องการระเบิดเขาเพื่อสร้างทาง
2,นักภูมิศาสตร์สำรวจเขาเพื่อทำแผนที่
2,การปีนเขาเป็นการออกกำลังกายที่ดีอย่างหนึ่ง
2,พ่อตั้งชื่อให้ลูกเป็นชื่อเทือกเขา
2,ป๋าเต้ดจัดคอนเสิร์ตที่เขาใหญ่
2,บ้านของคุณวิกรมอยู่ที่เขาใหญ่
2,แพนด้ากินไผ่อยู่บนยอดเขา
2,นินจากระโดดไต่ไปมาบนยอดเขา
2,เฟิร์นมักจะเติบโตได้ดีบริเวณยอดเขาสูงที่มีความชื่น
2,ยายชอบดื่มชาที่มาจากยอดเขาเหลี่ยนชาน
2,ฉันเจอยักษ์ตัวใหญ่กว่าเขาลูกนั้นอีก
2,เขาสูงใหญ่ตั้งตระหง่า
2,ภูไปเดินเขาในป่าเเถวบ้าน
2,บ้านเราตั้งบนเขาอย่างโดดเดี่ยว
2,เขาเป็นสถานที่ท่องเที่ยวที่ฮิตมากในหน้าหนาว
2,เขาใกล้พระอาทิตย์เเต่อยู่ห่างไกลทะเล
2,ตอนกลางคืนบนเขาจะหนาวมากเเต่ตอนกลางวันจะร้อนมากเช่นกัน
2,เธอมีบ้านอยู่ในป่าที่อยู่ไกลจากตัวเมืองทำให้ต้องเดินทางเป็นระยะเวลานานเพื่อไปยังบ้านที่อยู่ในป่าเขาที่เธอเป็นเจ้าของ
2,วินเนอร์เพิ่งลงจากป่าเขาเพื่อมาเข้ามหาวิทยาลัยชื่อดังในจังหวัดเชียงใหม่
2,เขาที่มีคำว่าภูอยู่ข้างหน้าจะเป็นที่มีลักษณะเป็นพื้นที่สูง
2,ควายที่อาศัยอยู่ในเขานั้นมีหลายชนิดมากมาย
2,หุบเหวลึกมักเจอบนเทือกเขาต่างประเทศ
2,เขาในไทยมักจะมีป่าเขตร้อนชื้น
2,มหาวิทยาลัยเชียงใหม่อยู่ใกล้เขา
2,เขียงใหม่ในช่วงนี้มีหมอกหนาตาจนมองไม่เห็นเขาเลย
2,เขาในวันนี้ช่างดูขุ่นมัวเพราะโดนหมอกบัง
2,เขาควรจะมีสีเขียวละลานตา
2,เขาที่สูงที่สุดในโลกคือเอเวอร์เรส
2,คนเราควรมีจิตใจที่มั่นคงดั่งขุนเขา
2,เขาจะเป็นยังไงก็ช่างไม่ได้เราต้องช่วยกันอนุรักษ์
2,เขาเป็นเเหล่งกำเนิดของชีวิตมากมาย
2,สวนสัตว์เขาดินเป็นสวนสัตว์ที่ถูกปิดไปเเล้วในกรุงเทพฯ
2,ฟูจิซังเป็นชื่อของเขาชื่อดังในประเทศญี่ปุ่น
2,แกรนด์แคนยอนเป็นหุบเขาลึกเเละเป็นสถานที่ท่องเที่ยวที่มีชื่อเสียง
2,อาทิตย์หน้าเราไปเดินเขากันมั้ย ?
2,เธอกับฉันเราไปเอากันในเขา
2,เขาใหญ่เป็นอุทยานเเห่งชาติของไทยที่มีชื่อเสียงมาก
2,เคยมีข่าวคนหายตัวไปในเขาหลายๆเเห่งทั่วโลก
2,เขาในบางที่เป็นสถานที่อันตรายเเละต้องยำเกรง
2,เขาเป็นสถานที่มิใช่ผู้คน
2,เชียงใหม่เป็นจังหวัดที่มีเขาล้อมรอบ
2,เขานั้นสูงชัน
2,เขาสูงเสียดฟ้า
2,เขาหัวโล้นเพราะฝีมือคน
2,มีเขาอยู่หลังมอ
2,ไปเดินเล่นที่เขาหลังโรงเรียน
2,ฉันชอบเขาสีเขียว
2,ฉันชอบปีนเขา
2,เธอไม่ชอบปีนเขา
2,เขานั้นกว้างใหญ่
2,นกอาสัยอยู่บนเขา
2,ชาวเขาชอบเที่ยวดอย
2,เขาที่หมายถึงดอย
2,ตรงนั้นเป็นเนินเขาเตี้ยๆ
2,ฉันอาศัยอยู่บนเขา
2,บนเขาบนดอยมีสัตว์อยู่มากมายหลากหลายชนิด
2,มาจากป่าสู่เมืองจากเขา ทะมึนหล่อเลี้ยงผู้คนในแท่นคอนกรีต
2,ฉันวิ้งเล่นบนเขา
2,ฉันตกเขา บาดเจ็บสาหัส
2,เราวิ่งขึ้นเขากันทุกปี
2,มหาวิทยาลัยเชียงใหม่มีประเพณีรับน้องขึ้นเขา
2,เธอตกเขาก็เลยขาหัก
2,ป่าเขามีต้นไม้อยู่ เราควรดูแลให้อยู่กับเรานาน ๆ 
2,เดินขึ้นเขามานานยังไม่เจอร้านอาหารเลย
2,เด็ก ๆ วิ่งเล่นบนเขา
2,ฉันนอนดูดาวบนเขา
2,ระเบิดภูเขาต้องใช้ระเบิดอยู่เท่าไหร่
2,ฉันกำลังขับรถขึ้นเขา
2,ไม่อยากไปขี่จักรยานขึ้นเขา
2,นายพรานทำงานอยู่บนเขา
2,มีน้ำตกสวย ๆ อยู่บนเขา พรุ่งนี้เราเดินไปดูกัน
2,ชาวเขาสอนฉันให้ไปล่าสัตว์
2,ชาวเขาเผาป่าเพื่อหาของป่า
2,คนที่อยู่บนเขาไม่ชอบลุงตู่
2,ลุงตู๋ปีนเขา
2,เพื่อน ๆ ฉันที่อยู่บนเขาชอบกินอาหารเหนือมาก ๆ 
2,สมัยก่อนตอนอยู่บนเขา ฉันไม่ชอบกินน้ำพริกหนุ่ม
2,บริเวณเขามีนกอยู่
2,ในน้ำมีปลา บนเขามีช้าง
2,พระธาตุอยู่บนเขา
2,เขาแปลว่าเนินสูง
2,เขาลูกนั้นมีความอุดมสมบรูณ์มาก
2,เขานั้นกว้างใหญ่ เต็มไปด้วยพืชพรรณ
2,ในเขามีเสือดำ
2,เสือดำอาศัยอยู่บนเขา
2,ตายายไปเก็บเห็ดบนเขา
2,เขาลูกนั้นเป็นเนินสูงสีดำ
2,ลองไปเดินหาสมุนไพรบนเขาที่อยู่หลังวัด
2,มีสัตว์ร้ายอยู่บนเขาที่เห็นอยู่ตรงด้านหน้า 
2,ชาวบ้านชอบปลูกผักบนเขา
2,คนดีปลูปต้นไม้บนเขา
2,มีทุ่งดอกไม้บานอยู่บนเขา
2,เธอตกเขาตาย
2,มีโจรพกอาวุธซ่อนตัวบนเขา
2,เชียงใหม่มีเขาหลายลูก
2,เขาหลายลูกมีเทพารักษ์สถิตอยู่
2,เขาที่สูงชันมีลำธารไหลผ่าน
2,อาทิตย์กำลังขับรถขึ้นเขากับเพื่อน
2,พญาเหยี่ยวบนเขาสูงมองหาเหยื่อ
2,น้ำป่าที่ไหลจากเขาท่วมหมู่บ้าน
2,ชาวบ้านได้เดินทางผ่านเนินเขา 
2,คณะสำรวจค่อย ๆ เดินทางไต่ระดับความสูงของเขาขึ้น 
2,พวกเราจึงได้ขนของลงถึงตีนเขา
2,ฉันชอบมองวิวที่มีทิวเขาเขียวๆ
2,พี่จะไปปลูกมะเขือที่สวนบนเขา
2,เชียงดาวเป็นหมู่บ้านกลางหุบเขาที่รายล้อมด้วยธรรมชาติที่สวยงาม 
2,บ้านหลังเขาอยู่ห่างไกลความเจริญ
2,ทิวเขานครศรีธรรมราชมีลักษณะตั้งเป็นแกนกลางของคาบสมุทรไทย
2,ฉันวางแผนว่าจะเที่ยวเขาในหน้าร้อน
2,รัฐแบร์นเป็นเมืองสกีรีสอร์ทที่มีชื่อเสียงอีกแห่งหนึ่งบนเทือกเขาแอลป์
2,เชียงรายขึ้นชื่อว่าดินแดนแห่งขุนเขา
2,บ้านพักคนงานบริษัทหลังใหม่บนเนินเขาสร้างเสร็จแล้ว
2,ฉันอยากจะเดินเท้าขึ้นยอดเขาสูง
2,หมู่บ้านป่าแหว่งสร้างอยู่บนเชิงเขาใกล้กับพื้นที่อุทยานแห่งชาติ ดอยสุเทพ-ปุย
2,ไป๋เส้าฉิงก็หาเส้นทางเล็กๆบนเขาเพื่อจะใช้สัญจร
2,ยอดเขาที่แหลมทู่ชี้ขึ้นไปบนฟ้า
2,อุทยานแห่งชาติอ่าวพังงามีเขาหินปูนเยอะ
2,ฉันคิดว่าเขาค้อจะมีวิวที่สวยๆ
2,ฉันคิดว่ามีไฟป่าบนเขาลูกนั้น
2,เขาลูกนี้ดูลึกลับกว่าที่คิด
2,ฉันอยากลองไปเที่ยวเขาดูสักครั้ง
2,เธออยากเริ่มเดินป่าขึ้นเขา
2,บนเขานั้นมีทั้งควายทั้งกวาง
2,บ้านเพื่อนอยู่บนเขา
2,เขาลูกนั้นเต็มไปด้วยถั่วงอก
2,เขาลูกนั้นยอดแหลม
2,เขาลูกนั้นไม่มีสัตว์อยู่เลย
2,หลายพื้นที่ในประเทศไทยกลายเป็นเขาหัวโล้น
2,กลางทะเลทรายนั้นไม่มีหุบเขา
2,ทำไมเขาลูกนั้นกลายเป็นสีดำ
2,เขาที่สมบูรณ์ย่อยเต็มไปด้วยป่าไม้
2,เขาลูกนั้นล้อมรอบด้วยป่าไม้
2,ฉันชอบเขาที่เป็นป่าดงดิบมากกว่าป่าโปร่ง
2,หุบเขานี้ดอกไม้สวยงาม
2,ฉันรวยมากจนซื้อเขาได้ทั้งลูก
2,ฉันเผาเขาทั้งลูกวัวควายวิ่งหนี
2,เขาลูกนี้มีแต่คนล่าสัตว์
2,เขาลูกนี้มีสัตว์ตายเยอะ
2,รักน้ำรักป่ารักเขา
2,โจรหนีไปซ่อนบนเขา
2,ฉันอกหักหนีไปอยู่คนเดียวบนเขา
2,วัวควายตายแล้วเป็นซากอยู่บนเขา
2,ไฟป่าบนเขาประทุนานมาแล้ว
2,ฉันไม่รู้ทำไมคนภาคเหนือเรียกเขาว่า 'ดอย'
2,เขาถล่มแต่ไม่มีใครได้รับอันตราย
2,อากาศหนาวมากจนเขากลายเป็นน้ำแข็ง
2,เขาตั้งตระหง่านอย่างโดดเดี่ยว
2,ปราสาทเขาพระวิหารอยู่ในประเทศใด
2,ภูกระดึงเป็นอุทยานแห่งชาติลำดับที่สองถัดจากอุทยานแห่งชาติเขาใหญ่
2,ทิวเขา หมายถึง ลักษณะภูมิประเทศ ที่มีความสูงตั้งแต่ 600 เมตรขึ้นไปจากพื้นที่บริเวณรอบ
2,เนินเขานั้น จะมีพื้นที่สูงจากบริเวณรอบ ๆ ประมาณ 150 แต่ไม่เกิน 600 เมตร
2,เขาโก่งตัว เกิดจากการบีบอัดตัวของหินหนืด ในแนวขนาน
2,เขาเลื่อนตัวหรือหักตัว เกิดจากการเลื่อนของหินทำให้มีการยกตัวและการทรุดตัว
2,เขาโดม เกิดจากการที่หินหนืดดันตัว แต่ว่ายังไม่ทันพ้นพื้นผิวของโลกแล้วเย็นตัวก่อน
2,ความสูงของเขาโดยทั่วไปจะวัดโดยความสูงที่ระดับเหนือน้ำทะเล
2,เทือกเขาหิมาลัย โดยเฉลี่ยมีความสูงอยู่ที่ระดับ 5 กิโลเมตรเหนือระดับน้ำทะเล
2,ยอดเขาเอเวอเรสต์ถือเป็นจุดแบ่งพรมแดนระหว่างประเทศเนปาลและทิเบต
2,รัฐนาถ สิกทาร์ นักคณิตศาสตร์และนักสำรวจจากเบงกอล เป็นคนแรกที่ประกาศว่าเอเวอเรสต์คือยอดเขาที่สูงที่สุดในโลก
2,ประวัติการเดินทางขึ้นสู่ยอดเขาเอเวอเรสต์เริ่มขึ้นในช่วงต้นคริสต์ศตวรรษที่ 20
2,ในปี ค.ศ. 1960 วันที่ 25 พฤษภาคม นักปีนเขาชาวจีนสามารถขึ้นถึงยอดเขาเอเวอเรสต์ได้โดยใช้เส้นทางด้านเหนือ
2,ก่อนปีนเขา ชาวเนปาลจะจัดพิธีบวงสรวงเทพยดา ซึ่งเป็นการขอขมาและบูชาเทพธิดา สักการะมาถา
2,แอลป์ชื่อของเทือกเขาที่ใหญ่สุดของทวีปยุโรป
2,เทือกเขาแอลป์มีอายุน้อย เกิดขึ้นเมื่อแผ่นทวีปแอฟริกามุดใต้แผ่นทวีปยูเรเซีย
2,ร็อกกีเป็นชื่อเทือกเขาในอเมริกาเหนือ พาดผ่านตั้งแต่บริติชโคลัมเบียในแคนาดา ไปจนถึงรัฐนิวเม็กซิโกในสหรัฐอเมริกา
2,อัลไต เป็นชื่อเทือกเขาในเอเชียกลาง บริเวณพรมแดนร่วมของประเทศรัสเซีย จีน มองโกเลีย และคาซัคสถาน
2,เทือกเขากลางสมุทรจะมีแนวร่องหุบที่รู้จักกันในนามของร่องแยก
2,รูปแบบของเทือกเขากลางสมุทรนี้เป็นลักษณะที่รู้จักกันว่าเป็นแนว “ศูนย์กลางของการแยกแผ่ขยายออก”
2,เขาไกรลาศเป็นยอดแห่งหนึ่ง
2,บ้านของฉันตั้งอยู่ในทิศตะวันตกของเขตปกครองตนเองทิเบต ทางตอนเหนือของยอดเขานันทาเทวีราว 100 ไมล์
2,บริเวณเชิงเขาไกรลาส เป็นต้นกำเนิดของแม่น้ำสำคัญหลายสายของภูมิภาคแห่งนี้ ได้แก่ แม่น้ำคงคา แม่น้ำสินธุ
2,ฟูจิเป็นเขาที่สูงที่สุดใน ประเทศญี่ปุ่น
2,เชื่อว่ามีผู้ปีนเขาลูกนี้ครั้งแรกเมื่อ พ.ศ. 1206 โดยนักบวชท่านหนึ่ง
2,ในช่วงระหว่างนั้นจนถึงยุคเมจิ ฟูจิได้ชื่อว่าเป็นเขาศักดิ์สิทธิ์ซึ่งห้ามผู้หญิงขึ้น
2,ในการประชุมคณะกรรมการมรดกโลกครั้งที่ 37 ณ กรุงพนมเปญ ประเทศกัมพูชา องค์การยูเนสโก ได้ประกาศให้เขาลูกนี้เป็น มรดกโลกทางวัฒนธรรม
2,อนุสรณ์สถานแห่งชาติเขารัชมอร์ เป็นประติมากรรมแกะสลักบนหน้าผาหินแกรนิต
2,ชื่อเขารัชมอร์ ชื่อในภาษาลาโกต้า ซู แปลว่าปู่หกคน 
2,เกาะตาปูเป็นเขาหินปูน มีอายุยุคเพอร์เมียนหรือประมาณ 295–250 ล้านปีมาแล้ว เนื่องจากหินปูนมีคุณสมบัติสึกกร่อนจากการละลายน้ำได้ง่าย ดังนั้นเกาะต่าง ๆ ในบริเวณอ่าวพังงาจึงมีรูปร่างแปลก ๆ
2,"แผ่นดินเขาตาปูได้รับอิทธิพลจากน้ำทะเลที่แผ่ขยายเข้ามาท่วมในช่วงหลังสุดเมื่อประมาณ 10,000 ปีที่ผ่านมา"
2,เขาตาปูมีสภาพเป็นเกาะ
2,กรากาตัวเป็นชื่อเขาที่ตั้งอยู่บนเกาะชื่อเดียวกัน
2,การระเบิดครั้งใหญ่ของเขาลูกนี้ก่อให้เกิดความหายนะครั้งใหญ่ในประเทศอินโดนีเซีย
2,ดอยอินทนนท์ เป็นยอดเขาที่สูงที่สุดในประเทศไทย
2,ในทางธรณีวิทยาแล้วเทือกเขากลางสมุทรนั้นมีพลังด้วยการมีหินหนืดใหม่ ๆ ถูกดันตัวขึ้นมาบนพื้นมหาสมุทรและเข้าไปในชั้นเปลือกโลกบริเวณใกล้ ๆ กับแนวสันกลาง หินหนืดที่เย็นตัวลงจะตกผลึกเกิดเป็นเปลือกโลกใหม่ของหินบะซอลต์และแกรโบร
2,ลักษณะภูมิประเทศของจีนมีความหลากหลาย ตั้งแต่ป่าสเต็ปป์และทะเลทรายในพื้นที่แห้งแล้งทางตอนเหนือของประเทศติดกับประเทศมองโกเลียและไซบีเรียของรัสเซีย และป่าฝนกึ่งโซนร้อนในพื้นที่ชื้นทางใต้ซึ่งติดกับเวียดนาม ลาว และพม่า ส่วนภูมิประเทศทางตะวันตกนั้นขรุขระและเป็นที่สูง โดยมีเทือกเขาหิมาลัยและเทียนชานกั้นเป็นพรมแดนตามธรรมชาติกับประเทศอินเดีย เนปาล และเอเชียกลาง ในทางตรงกันข้าม แนวชายฝั่งด้านตะวันออกของจีนแผ่นดินใหญ่นั้นเป็นที่ราบต่ำ
2,ตอนใต้ของจีนนั้นเป็นดินแดนหุบเขา
2,ตอนใต้ของจีนนั้นมีแนวเทือกเขาระดับต่ำเป็นจำนวนมาก
2,ประเทศจีนมีป่าหลายประเภท ขอบเขตทางตะวันออกเฉียงเหนือและตะวันตกเฉียงเหนือนั้นมีเขาและป่าสนเขตอากาศหนาว
2,ประเทศญี่ปุ่นมีเขาและเกาะที่น่าท่องเที่ยวมาก
2,พื้นที่ประมาณร้อยละ 73 ของประเทศญี่ปุ่นเป็นป่าไม้ เนินเขาและไม่เหมาะกับการใช้ทางการเกษตร อุตสาหกรรม หรือการอยู่อาศัย
2,ประเทศญี่ปุ่นมีเขาที่พร้อมประทุอยู่ 108 ลูก
2,เขตของเขาชูโงกุและเกาะชิโกกุกั้นทะเลในแผ่นดินเซโตะจากลมตามฤดูกาล ทำให้มีลมฟ้าอากาศไม่รุนแรงตลอดปี
2,เขาหลายลูกตั้งอยู่บนวงแหวนไฟแปซิฟิก
2,พื้นที่ส่วนใหญ่ของรัสเซียเป็นที่ราบกว้างใหญ่ ทางตอนใต้ส่วนใหญ่เป็นที่ราบสเตปป์ มีป่าไม้มากทางตอนเหนือ และมีพื้นที่แบบทุนดราตามชายฝั่งทางเหนือ เทือกเขาจะอยู่ตามชายแดนทางใต้
2,เทือกเขาอูรัลทางตะวันตกวางตัวเหนือใต้และเป็นเขตแดนทางธรรมชาติของทวีปเอเชียและทวีปยุโรป
2,เวลส์มีอาณาเขตทางทิศตะวันออกติดกับประเทศอังกฤษ ทิศเหนือและทิศตะวันตกอยู่ติดกับทะเลไอริช ส่วนทางทิศใต้ติดกับช่องแคบบริสตอล ภูมิประเทศส่วนใหญ่เป็นเขา
2,ยอดเขาที่สูงที่สุดในประเทศเวลส์คือสโนว์ดอน
2,ไอร์แลนด์เหนือมีพื้นที่เพียง 14160 ตารางกิโลเมตร หรือ 5470 ตารางไมล์ และ ส่วนใหญ่เป็น เนินเขา
2,"ภูมิประเทศของเวลส์เป็นเขาเสียส่วนใหญ่ เวลส์ทางเหนือและเวลส์ตอนกลาง. พื้นที่หลักของประชากรและอุตสาหกรรมอยู่ในเวลส์ทางใต้, ซึ่งประกอบด้วยเมืองชายฝั่งทะเลเช่น คาร์ดิฟฟ์, สวอนซี และ นิวพอร์ต"
2,นอกจากนี้ยังมีการค้นพบหลักฐานของมนุษย์ที่มีชีวิตอยู่ในช่วงเวลาไล่เลี่ยกันในถ้ำของเทือกเขาแอลป์ชวาเบินใกล้กับเมืองอุล์ม
2,"เยอรมนีมีสภาพทางภูมิศาสตร์ที่แตกต่างกันไปจากทางตอนเหนือถึงทางตอนใต้ โดยมีทั้งที่ราบทางตอนเหนือและเทือกเขาทางตอนใต้ เอยรมนียังมีทรัพยากรธรรมชาติที่สำคัญ ได้แก่ แร่เหล็ก, ถ่านหิน, โพแทช, ไม้, ลิกไนต์, ยูเรเนียม, ทองแดง, ก๊าซธรรมชาติ, เกลือ, นิกเกิล, พื้นที่เพาะปลูกและน้ำ"
2,พื้นที่ส่วนใหญ่ของประเทศเป็นที่ราบ ยกเว้นเนินเขาทางตะวันออกเฉียงใต้
2,ประเทศอียิปต์มีชื่อเสียงในด้านอารยธรรมโบราณ รวมถึงสิ่งก่อสร้างโบราณที่น่าตื่นตาตื่นใจที่สุดในโลก ได้แก่ พีระมิด อารามคาร์นัค และหุบเขากษัตริย์
2,หุบเขามรณะ เป็นทะเลทรายอยู่ทางทิศตะวันตกเฉียงใต้ของสหรัฐอเมริกา บริเวณเขตแดนระหว่างรัฐแคลิฟอร์เนียกับรัฐเนวาดา เป็นสถานที่ที่มีอุณหภูมิถึง 49 องศาเซลเซียส
2,ที่นี้มีลักษณะคล้ายกับเขาวงกต และแห้งแล้งทุรกันดาร แทบไม่มีฝนตกเลยในแต่ละปี หรือตกติดต่อกันถึง 1 เดือน และต่ำกว่าระดับน้ำทะเลถึง 86 เมตร
2,หุบเขาโมนูเมนต์ ตั้งอยู่ที่เส้นเขตแดนระหว่างรัฐยูทาห์กับรัฐแอริโซนาทางตะวันตกเฉียงใต้ของประเทศสหรัฐอเมริกา
2,เชียงใหม่มีเขาให้เที่ยวชมมากมาย
2,เขาปกคลุมไปด้วยต้นไม้น้อยใหญ่
2,เขามีดอกมานานาชนิดสีสันสวยงาม
2,ภาคเหนือมีเขาเยอะมากๆ
2,เชียงรายก็มีเขามากมายเช่นกัน
2,ช่วงหน้าร้อนมีไฟไหม้บนเขา
2,น้ำตกอยู่ในเขา
2,ฉันอยากไปขึ้นเขา
2,บนเขาอากาศดี
2,มีคนไปสร้างบ้านพักบนเขา น่าอยู่มาก ๆ
2,ป่าแหว่งอยู่บนเขาแถวเชิงดอยสุเทพ
2,บนเขามีหญ้าสีเขียว
2,สัตว์ป่าชอบอยู่บนเขา
2,เขามีอากาศเย็นในตอนเช้า
2,บนเขามีสตอเบอร์รี่ที่ชาวบ้านปลูก
2,เขาอันนี้สูงมาก แต่ฉันยังไม่เคยขึ้นไป
2,ฉันชอบเขาที่มีต้นไม้เยอะๆ
2,ว่าง ๆ ก็อยากชวนไปขึ้นเขากัน
2,บนเขามีหมู่บ้านชาวดอย ชาวม้งอยู่กันมานานแล้ว
2,บนเขามีคนอาศัยอยู่ ชาวบ้านที่นั่นทำไร่ข้าวโพดกัน
2,ไฟไหม้เขาเสียหายไปหลายตารางกิโลเมตร
2,คนดีช่วยไปดับไฟป่าบนเขา
2,ฉันจะชวนทุกคนไปปีนเขากัน
2,บนเขามีน้ำตกที่เด็ก ๆ ชอบไปเล่นน้ำกันทุกปี
2,การปีนเขาเป็นกิจกรรมที่สนุกมาก
2,ดอยก็คือเขา
2,อากาศบนเขาดีมากๆ
2,หมอกมักเกิดบนเขา
2,ฤดูหนาวทุกปีมีแม่ขนิ้งเกิดอยู่บนเขาเสมอ
2,คนชอบไปเที่ยวบนเขา
2,ฉันอยากให้เขามีป่าไม้เยอะขึ้นกว่านี้มากๆ
2,คนชอบไปเผาป่าหาของป่าบนเขา
2,การเผาป่าบนเขาทำให้เกิดหมอกควัน
2,บนเขามักจะอากาศเย็นตลอดทั้งปี
2,มีคนเดินทางขึ้นเขา
2,ยอดเขาเอเวอเรสคือยอดเขาที่สูงที่สุด
2,เพื่อนของฉันกลับจากการเที่ยวเขา
2,เขามีสิ่งที่น่าสนใจให้ไปเที่ยวชมและค้นหา
2,บนเขามีต้นไม้ใหญ่ที่มีอายุกว่า 1000 ปี
2,ฝนตกที่ยอดเขา
2,มีคนตกเขา
2,น้ำป่าไหลลงมาจากเขา
2,เขาแต่ละพื้นที่ไม่เหมือนกัน
2,มีหมอกปกคลุมที่ยอดเขา
2,เลียงผาอยู่บนเขา
2,เขาลูกนั้นชันมาก
2,หุบเขาแห่งนี้ลึกมาก
2,เขาลูกนั้นมีการปลูกฝิ่น
2,เขาลูกนั้นติดกับแอ่งน้ำ
2,มีการเจาะเขาเพื่อทำทางด่วน
2,มองดูท้องฟ้า ทะเล ทิวเขา ธรรมชาติล้วนสวยงาม
2,เขาหลัง มช. ถูกปกคลุมด้วยฝุ่น
2,ไปเที่ยวเขากันเธอ
2,ระหว่างเที่ยวทะเลกับเที่ยวเขาเธอชอบอ่ะไร
2,ตอนเด็กฉันอยากเป็นนักปีนเขา
2,กีฬาปีนเขาเป็นกีฬาที่อันตรายมาก
2,หลังมอชอมีเขา
2,ป่ะเธอเราไปเที่ยวเขากันเถอะ
2,เบื่อทะเลแล้วอยากไปเที่ยวเขาบ้าง
2,เชียงใหม่เป็นเมืองที่เต็มไปเดียวเขาลายล้อม
2,ฉันอยากไปทะเลไม่อยากไปเที่ยวเขาแล้วเบื่อ
2,พื้นที่เขามักเป็นป่าเต็มไปด้วยต้นไม้
2,คนที่อาศัยอยู่บนเขามักไม่ค่อยมีโอกาศทางการศึกษา
2,ที่ลำปางเขาหลายลูกถูกถางเพื่อปลูกข้าวโพด
2,เนินเขาลูกนั้นสวยงามมาก
2,อยากนั่งโง่ๆอยู่บนเนินเขาที่ไหนสักแห่ง
2,ที่ๆ ตรงนั้นใครๆ ก็เรียกว่าเนินเขาสายลม
2,ทำไม่ถึงเรียกว่าเนินเขาสายลมล่ะ?
2,ก็ดูสิถ้ายืนอยู่บนเนินเขาจะมีลมพัดมาหาเราตลอดเวลาเลย
2,เห้ย!!จริงด้วยเป็นเนินเขาที่อยู่แล้วรู้สึกสบายดีเนาะ
2,555 ตอนเด็ก ๆ เราชอบมานอนกลางวันที่เนินเขานี้ตลอดเลย
2,น่าอิจฉาจังแถวบ้านเราไม่มีเนินเขาแบบนี้เลย
2,ไว้คราวหน้าพามาเนินเขานี้อีกได้ป่ะ
2,ได้สิไว้โอกาศหน้าเรามานอนเล่นที่เนินเขาสายลมนี้อีกกัน
2,ที่นี้เรียกได้ว่าเป็นหุบเขาแห่งความตาย
2,ว่ากันว่าผู้ใดย่างกรายเข้าไปเขตหุบเขานี้
2,จะไม่สามารถได้กลับมาเราถึงความน่ากลัวของหุบเขาแห่งความตายนี้สักราย
2,ผมผู้ป่วยเป็นมะเร็งระยะสุดถ้ายไหนๆก็ตายแล้วเลยอยากเข้าไปหาความจริงในหุบเขาแห่งความตายสักครั้ง
2,ผมเดินเข้ามาอยู่หน้าหุบเขา
2,มีลมพัดออกมาจากหุบเขานี้หนาวและเย็นมาก
2,ผมตัดสินใจเดินเข้าไปหุบเขาอย่างไม่รอช้า
2,และทันใดนั้นเอง!!ผมก็เจอวัดอยู่กลางหุบเขา
2,ผมเดินเข้าไปในกุฎิวัดที่อยู่กลางหุบเขา
2,และผมก็ต้องตกตะลึกมีแสงวาบๆลอดออกมาจากช่องประตูที่ปิดไม่สนิดของกุฎิวัดกลางหุบเขา
2,ผมตัดสินใจเปิดประตูวัดกลางหุบเขา
2,และผมก็ต้องตะลึงกับสิ่งที่ผมหลังจากเปิดประตูวัดกลางหุบเขา
2,สิ่งที่ผมเจอก็คือหลวงพ่อนอนดูทีวีอยู่ในกุฎิวัดที่อยู่กลางเขา
2,ด้วยความเกรงใจผมตัดสินใจเดินออกจากกุฎิวัดกลางเขา
2,แต่แล้วยังไม่ได้ออกจากหุบเขาหลวงพ่อก็ตะโกนออกมาว่า
2,ไปเต้นกวางผาอยู่กลางเขาด้วยกันไหม
2,ฉันรักป่าและเขา ฉันรักธรรมชาติ
2,เขาที่เชียงใหม่สวยทุกลูก
2,เขามีสรรพนามเป็นลูก
2,ธรรมชาติสวยงามมากโดยเฉพาะขุนเขา
2,ไปเที่ยวเขากันเถอะเพื่อนๆ
2,บ้านผมอยู่ใกล้ตีนเขา ผมไปเที่ยวดอยทุกวันเลย
2,เธอเคยไปเที่ยวเขาใหญ่ป่าว
2,ฉันไม่เคยไปเที่ยวเขาใหญ่เลย
2,เขาใหญ่ใหญ่จริงไหม
2,ตั้งชื่อเขาใหญ่ไปงั้นแหละใหญ่ไม่จริงหรอก
2,ในที่สุดนักเดินป่าก็ข้ามเขาลูกนั้นสำเร็จ
2,บริเวณพื้นที่เขาสูงชันทำเป็นสวนไล่ลงมาถึงพื้นราบ
2,เขาที่เคยเขียวชอุ่มกลับเป็นที่ไร่สวนไปหมดแล้ว
2,กระเช้าไฟฟ้าส่วนใหญ่มักใช้ขึ้นลงเขาที่ไม่สูงนัก
2,เบื่อเขาแล้ว อยากไปทะเล
2,เขามันสูงและแหลม
2,เขาลูกนู้นอยู่ไกลจัง
2,บ้านอยู่ใกล้เขา
2,เขาลูกนั้นคือดอยสุเทพปะ
2,วันนี้ฝุ่นปกคลุมเขามิดเลย
2,ชอบทะเล ชอบเขา แล้วชอบเรามั้ย
2,เชียงใหม่เป็นจังหวัดที่บรรยากาศดีมีเขาล้อมรอบ
2,หมีอยู่บนเขา แต่เราอยู่กับใคร
2,บ้านนอกอยู่หลังเขา แต่บ้านเราอยู่ในเมือง
2,ลมพัดในช่องเขาแรงมาก ตัวแทบปลิว
2,เทือกเขานั้นสูงและทอดตัวยาวมากกว่าจะจินตนาการ
2,เธอมันคนหลังเขา
2,ฉันไปปีนเขากับเพื่อน กลับมาแทบตาย
2,ที่เขามีหน้าผา ที่บ้านมีหน้าผี
2,บนเขาหนาวมาก ต้องรวมตัวอยู่หน้ากองไฟตอนเช้า ๆ 
2,ไฟไหม้บนเขาทุก ๆ หน้าแล้ง
2,ขับรถขึ้นเขาเพื่อไปเที่ยว
2,ควันลอยมาจากหลังเขานู้น
2,บนเกาะมีเขา
2,เขานี้มีถ้ำ
2,น่านมีเขาเยอะ
2,เข็นรถขึ้นเขา เป็นอะไรที่แย่มาก ๆ 
2,วันก่อนฉันเห็นลิงไต่เขา
2,ฤๅษีอยู่บนเขา
2,ฤๅษีเดินลงเขา
2,บนเขามีวิวสวย
2,ยกเขาออกจากอก
2,หมอกควันบังเขา ความเขลาบังใจ
2,ฉันกำลังตามหาสถานที่ลึกลับในเขานี้
2,บริเวณที่เป็นเทือกเขาจะมีความสูงตั้งแต่ 600 เมตรขึ้นไปจากพื้นที่บริเวณรอบ
2,บริเวณทิวเขาผีปันน้ำมีภูชี้ฟ้าตั้งอยู่
2,รัฐบาลได้เจาะอุโมงค์ลอดสันเขาเพื่อใช้เป็นทางรถไฟที่จะทำให้การเดินทางไปยังเมืองลึกลับสะดวกขึ้น
2,มีสิ่งศักดิ์สิทธิ์คอยปกป้องคุ้มครองเขานี้อยู่
2,ทิวเขาแดนลาวเป็นที่แบ่งเขตแดนระหว่างไทยและพม่า
2,ฉันนอนดูดาวบนเขากับแฟน โคตรโรแมนติก
2,เขาที่เห็นว่าสวยงามเมื่อมองจากภายนอก แต่จริงๆ แล้วน่ากลัวถ้าเผลอไปหลงทางในนั้น
2,เธอสร้างตึกสูงจนมองไม่เห็นเขา
2,ช่วงนี้ทุกเช้าฉันเห็นฝุ่นนรกบังเขามิดเลย 
2,จุดไฟบนเขาทำให้เกิดควัน จุดไฟในใจฉันทำให้เกิดรัก
0,เขาเป็นส่วนที่สัตว์ไว้ใช้ต่อสู้ป้องกันตัว
0,ควายมีสองเขา
0,เขาสัตว์บางชนิดสามารถนำไปทำเป็นยาได้
0,กวางเป็นสัตว์ที่มีเขาสวยงาม
0,กระทิงเป็นสัตว์สงวนเนื่องจากล่ากระทิงเพื่อนำเขาไปขายจำนวนมาก
0,มีการนำเขาปลอมมาขาย
0,นายพรานล่าสัตว์เพื่อเอาเขาไปขาย
0,นักสะสมของแปลกเช่น เขา
0,คนถูกสัตว์ทำร้ายโดยใช้เขา
0,การตัดเขาขณะสัตว์ยังมีชีวตอยู่เป็นการทารุณกรรม
0,ขายเขากระทิงพร้อมส่วนหัว
0,เพื่อนถูกแฟนสวมเขาบ่อยบ่อย
0,เขาถูกนำมาใช้ในภาพยนต์เพื่อความสมจริง
0,เขาสัตว์ถูกนำเข้ามาจากต่างประเทศ
0,การล่าสัตว์เพื่อนำเขามาติดบ้านแสดงถึงความเก่ง
0,ปัจจุบันเขาของสัตว์ป่าจริงจริงหายากมาก
0,รับซื้อเขากวางในราคาสูง
0,พวกลักลอบล่าสัตว์ถูกจับพร้อมของกลางเป็นเขา
0,สัตว์บางชนิดใช้เขาเพื่อดึงดูดเพศตรงข้าม
0,สัตว์ตัวผู้ใช้เขาเพื่อสู้กัน
0,สัตว์บ้างชนิดใช้เขาเพื่อป้องกันตัวจากนักล่า
0,การมีเขาสัตว์บางชนิดผิดกฏหมาย
0,คนนิยมเขาสัตว์มาประดับบ้าน
0,คนฆ่าสัตว์เพื่อจะเอาเขา
0,เขาควายเป็นสัญญาลักษณ์ของวงดนตรีวงหนึ่ง
1,เขาจากไปแล้ว
1,เธอกับเขาเหมาะสมกันดี
1,คิดถึงและยังคงมีแต่เขาในใจ
1,เขากลับมาแล้ว
1,ไม่มีปัญญาสู้เขาได้
1,เขาดีกว่าฉันเหลือเกิน
1,ให้เธอทิ้งเขามาหาฉัน
1,เธอทิ้งเขาไว้ที่กลางทาง
1,เธอมีเขาฉันก็ต้องไป
1,เขาสำคัญกับเธอขนาดไหน
1,เขาเป็นของคนอื่น ท่องเอาไว้ในใจ
1,เขาเป็นคนเย็นชา
1,เขาเคยแต่งงานมาแล้ว
1,เขาถูกไล่ออกจากงาน
1,เขาไปเลือกตั้ง
1,พ่อเขาเป็นตำรวจ
1,เธอถูกเขาหลอก
1,เขาเป็นคนดีของพ่อแม่
1,เขากำลังจะแต่งงาน
1,เขากำลังจะตาย
1,เขาเป็นที่พึ่งของเพื่อนและครอบครัว
1,เขาอยู่บ้านคนเดียว
1,เธอยังคิดถึงเขา ไม่เคยลืม
1,ส่วนเขาก็ยังรอให้เธอกลับมาอยู่
2,หน้าหนาวคนนิยมไปเที่ยวเขา
2,เขาสูงมักมีหมอกลงจัด
2,เขาที่แห้งแล้งมักเกิดไฟป่าบ่อยครั้ง
2,วัดที่สวยตั้งอยู่บนเขา
2,โจรชอบไปซ่อนตัวบนเขาที่มีป่ารกทึบ
2,เขาส่วนใหญ่ถูกประกาศเป็นเขตสงวนพันธุ์สัตว์ป่า
2,ชาวบ้านขึ้นไปหาเก็บของป่าบนเขา
2,เจ้าที่รัฐบุกรุกพื้นที่บนเชิงเขา
2,ครูสอนฉันว่า ยอดเขาที่สูงที่สุดในโลกชื่อเอเวอร์เรสต์ 
2,เธอชอบไปเที่ยวเขาเพราะบรรยากาศดี
2,พี่ชอบไปปีนเขา
2,รถเมย์วิ่งตกเขาทำให้มีผู้เสียชีวิตจำนวนมาก
2,ไม่ควรขับรถแซงเป็นทางขึ้นลงเขา
2,เขาหัวโล้นเกิดจากการตัดไม้ทำลายป่า
2,เราควรเตรียมให้พร้อมก่อนไปปีนเขาทั้งร่างกายและอุปกรณ์
2,ทุกปีครอบครัวฉันจะพาไปเที่ยวเขา
2,เวลาเดินป่าเขาไม่ควรทิ้งขยะเพราะจะทำลายธรรมชาติ
2,ฉันจะไปเที่ยวเขาตอนปิดเทอม
2,เขาเป็นที่อยู่ของสัตว์ป่า
2,ต้องยอมรับว่าคนบนเขาอาศัยอยู่ในที่ที่ห่างไกลความเจริญ
2,ลูกเสือพักค้างแรมกันบนเขา
2,โรงเรียนจะพาไปทัศนศึกษาที่เขา
2,นักศึกษาวิชาทหารต้องผ่านการเข้าค่ายบนเขา
2,เกิดเหตุโคลนถล่มบนเขา
2,ป่าไม้บนเขาถูกตัด
0,ด้วงกว่างมี 3 เขา
0,กระทิงใช้เขาในการต่อสู้
0,นาย ก ชอบสะสมเขาสัตว์
0,คนสมัยก่อนใช้เขากวางทำยารักษาโรค
0,เขาควายมีลักษณะโค้งงอออกไปด้านข้าง
0,เขาของกวางมีลักษณะคล้ายกิ่งไม้
0,เขาของแกะมี 2 ข้าง
0,เลียงผาเป็นสัตว์มีเขาจำพวกแพะ
0,สมันได้ชื่อว่ามีเขาสวยที่สุด
0,กูปรีมีเขาคล้ายกระทิง
0,ควยป่าต่างจากควายบ้านตรงที่ควายป่ามีเขาที่ยาวกว่า
0,วัวมีเขาเล็กๆอยู่บนหัว
0,เนื้อทรายมีเขาคล้ายกวางป่า
0,แกะกับแพะถึงชื่อคล้ายกันแต่แพะไม่มีเขานะ
0,ขึ้นชื่อว่าว่ากวางก็มีเขาหมดนั่นแหละ
0,เด็กหนุ่มใช้ดาบตัดเขามิโนทัวร์
0,มิโนทัวร์มีลำตัวเป็นคนแต่มีศรีษะ และเขาคล้ายวัว
0,ม้ามีเขาเรียกยูนิคอร์น
0,ชาวไวกิ้งชอบสวมหมวกมีเขา
0,แรดเป็นสัตว์มีเขา
0,เขาของกวางนั้นสวยงามมาก
0,กวางเป็นสัตว์ที่มีเขาสวยงาม
0,แกะเป็นสัตว์ที่มีเขาโค่งงอ
0,โดนสวมเขาเหมือนควาย
0,ควายบางตัวมีเขาใหญ่มาก
0,แพะก็มีเขานะ
0,แรดมักโดนล่าเพื่อตัดเขาไปขาย
0,กวางมูสบางตัวมีเขาที่ใหญ่มาก จนไม่สามารถเดินเข้าพุ่่มไม้ได้
0,วัวตัวผู้นั้นมีเขา
0,นายพรานชอบออกไปล่ากวางเพื่อหาเขา
0,แรดใช้เขาเป็นอาวุธในการต่อสู้
0,วัวตัวเมียนั้นไม่มีเขา
0,กวางตัวผู้นั้นมีเขา
0,กวางตัวเมียโดยส่วนมากจะไม่มีเขา
0,กวางตัวผู้ใช้เขาสู้กัน เพื่อชนะใจตัวเมีย
0,สัตว์ที่มีเขานั้นเวลาต่อสู้ชอบพุ่งชน
0,กระทิงชอบใช้เขาขวิดศัตรู
0,กันดั้มเป้นหุ่นที่มีเขา
0,นกเอี้ยงชอบเกาะบนเขาควาย
0,คนสนใจนมแพะมากกว่าเขาของแพะ
0,เหล็กในของผึ้งไม่ได้ถูกเรียกว่าเขา
0,กระทิงใช้เขาสู้กันในฤดูผสมพันธุ์
0,มีคนโดนแรดใช้เขาขวิดรถจนเกือบเอาชีวิตไม่รอด
0,แรดบางชนิดมีเขาที่ใหญ่มาก
0,แพะบางชนิดมีเขาที่ยาวมาก
0,ควายไทยบางตัวมีเขาที่ใหญ่มาก
0,เก้งเป็นสัตว์ที่คล้ายกวางแต่มีเขาเล็กกว่า
0,นายพรานล่าเสือดำเพราะอยากได้หนังของมัน ไม่ใช่เขา
0,เขาของแรดเนียกอีกอย่างว่านอ
0,เขาในภาษาอังกฤษ คือ Horn
0,งาช้างคือเขาของช้าง
0,มีตลาดมืดรับซื้อเขาอยู่
0,วัวบางตัวเขาสวยมาก
0,แกะบางตัวก็ไม่มีเขา
0,เขาแกะสังเกตได้ยากเพราะขนมันฟู
0,กวางผลัดเขาของมันปีละครั้ง
0,มีงานประกวดเขาควาย
0,ควายที่เข้าประกวดจะถูกตัดสินว่าตัวไหนเขาสวยที่สุด
0,บ้านเพื่อนนั้นมีเขาประดับอยุ่เต็มไปหมด
0,สัตว์บางชนิดถูกคุ้มครองเพราะชอบโดนล่าเอาเขา
0,ควายบางตัวโดนล่าเพื่อเอาเขาไปขาย
0,มีบางคนรับซื้อเขาควายเพื่อเอาไปประดับ
0,ม้ายูนิคอนมีเขา
0,นายปว.สวมเขาไปเที่ยว
0,ร้านนั้นมีเขาปีศาจขาย
0,สัตว์ที่มีเขาแปลกกว่าชาวบ้าน จะถูกตามล่า
0,ควายตัวผู้มีเขา ส่วนตัวเมียนั้นไม่มี
0,ปลาดุกไม่มีเขา แต่มีหนวด
0,ผู้หญิงชอบสวมเขาให้ผู้ชาย
0,มังกรมีเขา
0,กวางมูสตัวผู้ที่มีเขาสวยงามจะดึกดูดตัวเมียได้ดีกว่า
0,ในบางความเชื่อ เชื่อว่าเขาสัตว์จะนำมาซึ่งโชคลาป
0,นายพรานเผาป่าเพื่อล่าสัตว์มีเขา
0,กุ้งไม่ได้มีเขา แต่มีหนวด
0,มีคุณลุงไว้หนวดยาวเหมือนเขาเลย
0,ที่ห้องเก็บของมีเขาสัตว์มากมาย
1,เขาไม่ได้บอกผมว่าต้องส่ง 50 ประโยค
1,เช้าแล้วทำไมเขายังไม่กินข้าว
1,กินข้าวโดยที่ไม่รอเขา
1,เขากินข้าวโดยที่ไม่รอฉัน
1,ทะเลาะกับเขาทีไร ร้องไห้ทุกที
1,ทะเลาะกับเขาไม่เคยชนะ
1,เขาชอบทะเลาะวิวาท
1,ถ้าไม่มีเขาคงไม่เป็นไร
1,ขาดเขาไปจะอยู่ได้อย่างไร
1,เขาตะโกนว่า ข้าจะทำเยี่ยงไรดี
1,เธอมีเขา ฉันก็ต้องไป 
1,จริงๆเขาไม่ได้คิดอะไรมาก
1,มีแต่ฉันที่คิดมากเรื่องเขาไปเอง
1,เขาไปซื้อข้าวกิน
1,เขาไปซื้อของกิน
1,เขาไปซื้อขนมกิน
1,เขามาแล้ว
1,มีแต่เขาที่คอยอยู่ข้างเรา
1,ข้างๆเรามีเขาอยู่
1,ไม่อยากให้เขาไปรักเธอ
1,อยากให้เขามากรักฉัน
1,ฉันรักเขา เธอรู้ไหม
1,เขาไปตลาดไปซื้อของกิน
1,เขาไปตลาดไปซื้อกับข้าว
1,เขาไปซื้อกับข้าวที่ตลาด
1,เขาบอกว่าเราจะทำตามสัญญา
1,นี้ก็นานแล้วทำไมเขายังไม่มา
1,เขาเป้นคนขับรถ
1,เขาเป้นพ่อครัว
1,เขาเป้นคนรับใช้
1,ฉันไม่ชอบเขา มีแต่เชาที่ชอบฉัน
1,เธอยังมีเขา แล้วฉันจะเหลือใคร
1,เขาเปิดประตูเข้ามา
1,เขาไปเข้าห้องนํ้า รอแปปนึงนะ
1,เขากำลังมา รอแปปนึงนะ
1,เขาเพิ่งออกไปตะกี้นี้เลย
1,รีบตามไปน่าจะยังเจอเขาทัน
1,เขาและเพื่อนๆชอบไปเที่ยว
1,เขาไปเที่ยวคนเดียว
1,เขาชอบไปทะเล
1,เขาชอบขึ้นดอย
1,เขาติดอยู่บนดอย ลงมาไม่ได้
1,เขาเป้นใคร ทำไมฉันไม่รู้จัก
1,เขาชอบสัตว์
1,เขาชอบหมา
1,หมาตัวนั้นชอบเขามาก
1,ควายชอบวิ่งไล่ยุทธพงษ์ เพราะเขาใส่เสื้อสีแดง
1,เธอรอเขานานเท่าไรแล้ว
1,เขาเป็นคนประหยัด
1,เขาชอบกินโกโก้นมสด
1,เขาก่อปราสาททรายริมชายหาด
1,เขาเป็นคนเพ้อฝัน ชอบสร้างวิมานในอากาศ
1,ที่ฉันรักเขาเพราะว่ารวย
1,เขามีอะไรดีกว่าผมงั้นเหรอ
1,สมพงษ์เขาชอบตกปลา
1,นายกเขาเป็นคนอารมย์ร้อน
1,เธอจะทิ้งฉันไปอยู่กับเขาจริงๆหรือ
1,สมรชอบสมชาย แต่เขาไม่ได้ชอบเธอ
1,คนคนนั้นเขาเป็นแฟนฉัน
1,เขาเป็นนักก๊ฬาโรงเรียน
1,เขาคนนั้นเคยเป็นเน็ตไอดอล
1,เขาชอบกินน้ำพริกปลาทู
1,เธออย่าไปหลงคำพูดเขาเลย
1,เขาไม่มีวันรักเธอหรอก
1,ตำรวจเขามีหน้าที่จับผู้ร้าย
1,เด็กน้อยคนนั้นช่างหงอยเหงา ในมือของเขามีใบดรอป
1,เขามาสายในคาบNLP
1,เขาไม่ได้บอกเธอหรือ ว่าเป็นกะเทย
2,ถึงเป็นเด็กหลังเขา แต่สมชายก็เรียนเก่ง
2,นกนางนวลบินข้ามเขา
2,รักป่ารักเขารักเราด้วยนะ
2,ที่แห่งนี้รายล้อมไปด้วยทุ่งหญ้าและทิวเขา
2,วิกฤติหมวกควันเกิดจากการเผาป่าบนเขา
2,บนเขามีสัตว์อยู่มากมาย
2,เขาโอลัมปัสอยู่ที่กรีซ
2,เขาถือเป็นสถานที่ท่องเที่ยวแบบหนึ่ง
2,ที่ชายแดนระหว่างสองประเทศนั้นมีเทือกเขาที่ทอดยาวเป็นแนว
2,สุบรรณแปลว่าเขา
2,บรรพตก็แปลว่าเขา
2,เขาที่สำคัญในตำนานโรมันคือแอตตลาส
2,ในหิมพานต์มีเขาไกรลาศ
2,ภูทับเบิกเป็นชื่อเขาของประเทศไทย
2,ลิงชอบห้อยโหนในป่าเขา
2,ยอดเขานี้สูงที่สุดในประเทศไทย
2,ยอดเขานี้สูงที่สุดในโลก
2,ในผ่านี้มีเขาหลายลูก
2,เขาลูกไหนกันแน่
2,ต้องเดินข้ามเขาไปอีกกี่ลูก
2,ในเขาลูกนี้มีสมบัติซ่อนอยู่
2,ใต้เขานี้มีสายแร่ทองคำ
2,เรามาขุดแร่ที่เขาลูกนี้กันเถอะ
2,นํ้าตกบนเขาแข็งเป้นนํ้าแข็ง
2,เราชอบปีนเขา
2,เธอชอบปีนเขา
2,พวกเราชอบปีนเขา
2,ตีนเขา เรียกอีกอย่างว่า ตีนดอย
2,เขาลูกนี้ไม่มีอะไรเลย
2,ไฟไหม้เขาลูกนี้หมดแล้ว
2,ไฟป่ากำลังลามมาที่เขาลูกนี้แล้ว
2,ต้องช่วยกันดับไฟก่อนที่จะข้ามเขาไป
2,นํ้าตกบนเขานี้สวยงามมาก
2,เธอชอบไปเที่ยวนํ้าตกบนเขา
2,ฉันไม่ชอบไปเที่ยวนํ้าตกบนเขา
2,เมื่อก่อนพวกเราชอบไปเที่ยวนํ้าตกบนเขาด้วยกันอยู่บ่อยๆ
2,เธอปีนเขาเก่งมาก
2,ฉันปีนเขาเทพมาก
2,ฉันปีนเขาเก่้งมาก
2,พวกเราชอบปีนเขา
2,บนเขาลูกนั้นมีแม่นํ้าอยู่
2,ปลาชอบอาศัยอยู่บนแม่นํ้าในเขาสูง
2,เทือกเขานี้ใหญ่มาก
2,มีป้อมปราการของศัตรูตั้งอยู่บนเขา
2,บนเขาที่มีที่พักอยู่
2,บนเขานี้มีสถานที่ลึกลับอยู่
2,บนเขานี้มีโรงแรมอยู่
2,บนเขานี้มีปราสาทอยู่
2,ปราสาทตั้งอยู่บนยอดสูงสุดของเขาที่สูงชันนั้น
2,โรงแรมตั้งอยู่บนเนินเขา
2,บนเขามีฐานลับตั้งอยู่ที่ไหนซักแห่ง
2,เจ้าต้องข้ามเขาลูกนี้ไปเพื่อไปหานํ้า
2,เจอกันที่เขาลูกหน้า
2,ต้องรีบข้ามเขาก่อนมืด
2,เขาลูกนี้มีสัตว์ร้ายอาศัยอยู่
2,ตั้งเต้นบนเขากันเถอะ
2,ไม่มีใครรอดกลับมา ถ้าขึ้นเขาลูกนี้ไป
2,เจ้าแน่ใจว่าจะตามข้าขึ้นไปบนเขา
2,ฉันเห็นคนขับเครื่องร่อนลอยข้ามเขาไป
2,เครื่องบิน บินข้ามเขาไปอย่างยากลำบาก
2,เขาใกล้ถล่มลงมาแล้ว รีบหนีเร็ว
1,จังหวัดของเขาล้อมรอบไปด้วยทะเล